2019-07-08 21:15:09,1932.0,19316.493788091888,34128,914004.0,910970.0,0,21:16:32
2019-07-08 21:15:09,1932.0,19316.493788091888,34128,914004.0,910970.0,0,21:16:33
2019-07-08 21:15:11,1932.0,19316.493788091888,34128,914004.0,910970.0,500,21:16:34
2019-07-08 21:15:11,1933.0,19316.496162184332,34134,914010.0,910970.0,0,21:16:35
2019-07-08 21:15:13,1933.0,19316.496162184332,34134,914010.0,910970.0,500,21:16:36
2019-07-08 21:15:13,1933.0,19316.496162184332,34134,914010.0,910970.0,0,21:16:37
2019-07-08 21:15:15,1933.0,19316.496162184332,34134,914010.0,910970.0,0,21:16:39
2019-07-08 21:15:17,1932.0,19316.496367471293,34136,914010.0,910970.0,0,21:16:41
2019-07-08 21:15:18,1932.0,19316.496367471293,34136,914010.0,910970.0,500,21:16:41
2019-07-08 21:15:19,1932.0,19316.496367471293,34136,914010.0,910970.0,500,21:16:42
2019-07-08 21:15:22,1933.0,19316.4971585916,34138,914010.0,910970.0,0,21:16:45
2019-07-08 21:15:22,1933.0,19316.4971585916,34138,914010.0,910970.0,500,21:16:45
2019-07-08 21:15:22,1933.0,19316.4971585916,34138,914010.0,910970.0,0,21:16:46
2019-07-08 21:15:23,1933.0,19316.4971585916,34138,914010.0,910970.0,500,21:16:46
2019-07-08 21:15:23,1933.0,19316.4971585916,34138,914010.0,910970.0,0,21:16:47
2019-07-08 21:15:24,1933.0,19316.4971585916,34138,914010.0,910970.0,500,21:16:47
2019-07-08 21:15:24,1933.0,19316.4971585916,34138,914010.0,910970.0,0,21:16:48
2019-07-08 21:15:25,1932.0,19316.497363796134,34140,914010.0,910970.0,0,21:16:49
2019-07-08 21:15:27,1932.0,19316.497363796134,34140,914010.0,910970.0,0,21:16:50
2019-07-08 21:15:27,1933.0,19316.49815476539,34142,914012.0,910970.0,500,21:16:50
2019-07-08 21:15:28,1933.0,19316.498945641986,34144,914012.0,910970.0,500,21:16:51
2019-07-08 21:15:28,1933.0,19316.498945641986,34144,914012.0,910970.0,0,21:16:52
2019-07-08 21:15:29,1932.0,19316.499150705793,34146,914012.0,910970.0,500,21:16:52
2019-07-08 21:15:29,1933.0,19316.499941431415,34148,914014.0,910970.0,0,21:16:53
2019-07-08 21:15:31,1933.0,19316.499941431415,34148,914014.0,910970.0,0,21:16:55
2019-07-08 21:15:32,1933.0,19316.50073206442,34150,914016.0,910970.0,500,21:16:55
2019-07-08 21:15:32,1933.0,19316.50073206442,34150,914016.0,910970.0,0,21:16:56
2019-07-08 21:15:33,1933.0,19316.50073206442,34150,914016.0,910970.0,500,21:16:56
2019-07-08 21:15:33,1933.0,19316.50073206442,34150,914016.0,910970.0,0,21:16:57
2019-07-08 21:15:34,1933.0,19316.50073206442,34150,914016.0,910970.0,500,21:16:57
2019-07-08 21:15:35,1933.0,19316.50073206442,34150,914016.0,910970.0,500,21:16:58
2019-07-08 21:15:37,1933.0,19316.50073206442,34150,914016.0,910970.0,500,21:17:00
2019-07-08 21:15:37,1933.0,19316.50073206442,34150,914016.0,910970.0,0,21:17:01
2019-07-08 21:15:38,1933.0,19316.501522604827,34152,914018.0,910970.0,0,21:17:02
2019-07-08 21:15:41,1933.0,19316.502313052642,34154,914020.0,910970.0,500,21:17:04
2019-07-08 21:15:41,1932.0,19316.502517859233,34156,914018.0,910970.0,0,21:17:05
2019-07-08 21:15:42,1932.0,19316.502517859233,34156,914018.0,910970.0,500,21:17:05
2019-07-08 21:15:43,1933.0,19316.504098360656,34160,914022.0,910970.0,500,21:17:06
2019-07-08 21:15:45,1933.0,19316.504098360656,34160,914022.0,910970.0,0,21:17:09
2019-07-08 21:15:46,1933.0,19316.504098360656,34160,914022.0,910970.0,0,21:17:10
2019-07-08 21:15:48,1933.0,19316.504098360656,34160,914022.0,910970.0,500,21:17:11
2019-07-08 21:15:49,1933.0,19316.508837644855,34172,914022.0,910970.0,500,21:17:12
2019-07-08 21:15:49,1933.0,19316.508837644855,34172,914022.0,910970.0,0,21:17:13
2019-07-08 21:15:51,1933.0,19316.508837644855,34172,914022.0,910970.0,0,21:17:15
2019-07-08 21:15:52,1932.0,19316.50965476887,34180,914014.0,910970.0,0,21:17:16
2019-07-08 21:15:53,1932.0,19316.50965476887,34180,914014.0,910970.0,500,21:17:16
2019-07-08 21:15:53,1932.0,19316.50965476887,34180,914014.0,910970.0,0,21:17:17
2019-07-08 21:15:54,1932.0,19316.50965476887,34180,914014.0,910970.0,0,21:17:18
2019-07-08 21:15:55,1932.0,19316.50965476887,34180,914014.0,910970.0,0,21:17:19
2019-07-08 21:15:58,1933.0,19316.510444093383,34182,914014.0,910970.0,0,21:17:22
2019-07-08 21:16:00,1933.0,19316.512022465336,34186,914018.0,910970.0,0,21:17:24
2019-07-08 21:16:03,1933.0,19316.512022465336,34186,914018.0,910970.0,0,21:17:27
2019-07-08 21:16:04,1933.0,19316.512022465336,34186,914018.0,910970.0,500,21:17:27
2019-07-08 21:16:04,1933.0,19316.514389330838,34192,914018.0,910970.0,0,21:17:28
2019-07-08 21:16:06,1933.0,19316.514389330838,34192,914018.0,910970.0,500,21:17:29
2019-07-08 21:16:07,1933.0,19316.51517810142,34194,914018.0,910970.0,500,21:17:30
2019-07-08 21:16:10,1933.0,19316.51517810142,34194,914018.0,910970.0,500,21:17:33
2019-07-08 21:16:10,1933.0,19316.51517810142,34194,914018.0,910970.0,0,21:17:34
2019-07-08 21:16:13,1932.0,19316.535442228294,34394,913818.0,910970.0,0,21:17:37
2019-07-08 21:16:14,1932.0,19316.535643679497,34396,913818.0,910970.0,500,21:17:37
2019-07-08 21:16:17,1933.0,19316.537209302325,34400,913822.0,910970.0,0,21:17:41
2019-07-08 21:16:18,1933.0,19316.537209302325,34400,913822.0,910970.0,500,21:17:41
2019-07-08 21:16:18,1933.0,19316.537209302325,34400,913822.0,910970.0,0,21:17:42
2019-07-08 21:16:19,1933.0,19316.537209302325,34400,913822.0,910970.0,500,21:17:42
2019-07-08 21:16:24,1933.0,19316.537209302325,34400,913822.0,910970.0,500,21:17:47
2019-07-08 21:16:25,1933.0,19316.538774561097,34404,913822.0,910970.0,500,21:17:48
2019-07-08 21:16:26,1933.0,19316.538774561097,34404,913822.0,910970.0,500,21:17:49
2019-07-08 21:16:27,1933.0,19316.538774561097,34404,913822.0,910970.0,500,21:17:50
2019-07-08 21:16:28,1933.0,19316.538774561097,34404,913822.0,910970.0,0,21:17:52
2019-07-08 21:16:32,1933.0,19316.538774561097,34404,913822.0,910970.0,500,21:17:55
2019-07-08 21:16:32,1933.0,19316.538774561097,34404,913822.0,910970.0,0,21:17:56
2019-07-08 21:16:33,1933.0,19316.538774561097,34404,913822.0,910970.0,500,21:17:56
2019-07-08 21:16:33,1933.0,19316.539557054002,34406,913822.0,910970.0,0,21:17:57
2019-07-08 21:16:34,1933.0,19316.539557054002,34406,913822.0,910970.0,500,21:17:57
2019-07-08 21:16:35,1932.0,19316.549985511447,34510,913902.0,910970.0,500,21:17:58
2019-07-08 21:16:35,1932.0,19316.549985511447,34510,913902.0,910970.0,0,21:17:59
2019-07-08 21:16:36,1932.0,19316.549985511447,34510,913902.0,910970.0,500,21:17:59
2019-07-08 21:16:37,1932.0,19316.549985511447,34510,913902.0,910970.0,500,21:18:00
2019-07-08 21:16:37,1932.0,19316.570654991647,34718,914110.0,910970.0,0,21:18:01
2019-07-08 21:16:38,1932.0,19316.570654991647,34718,914110.0,910970.0,500,21:18:01
2019-07-08 21:16:39,1932.0,19316.570654991647,34718,914110.0,910970.0,0,21:18:03
2019-07-08 21:16:40,1932.0,19316.570654991647,34718,914110.0,910970.0,0,21:18:04
2019-07-08 21:16:42,1932.0,19316.570654991647,34718,914110.0,910970.0,0,21:18:06
2019-07-08 21:16:43,1932.0,19316.57085253456,34720,914110.0,910970.0,500,21:18:06
2019-07-08 21:16:45,1932.0,19316.57085253456,34720,914110.0,910970.0,500,21:18:08
2019-07-08 21:16:47,1932.0,19316.57183990786,34730,914110.0,910970.0,500,21:18:10
2019-07-08 21:16:48,1932.0,19316.592249127025,34938,914318.0,910970.0,0,21:18:12
2019-07-08 21:16:49,1932.0,19316.592249127025,34938,914318.0,910970.0,500,21:18:12
2019-07-08 21:16:49,1932.0,19316.592834249084,34944,914324.0,910970.0,0,21:18:13
2019-07-08 21:16:50,1932.0,19316.592834249084,34944,914324.0,910970.0,0,21:18:14
2019-07-08 21:16:51,1932.0,19316.592834249084,34944,914324.0,910970.0,500,21:18:14
2019-07-08 21:16:52,1932.0,19316.592834249084,34944,914324.0,910970.0,500,21:18:15
2019-07-08 21:16:54,1932.0,19316.592834249084,34944,914324.0,910970.0,500,21:18:17
2019-07-08 21:16:55,1932.0,19316.594977978606,34966,914324.0,910970.0,500,21:18:18
2019-07-08 21:16:56,1932.0,19316.59593937661,34970,914326.0,910970.0,500,21:18:19
2019-07-08 21:16:58,1932.0,19316.59593937661,34970,914326.0,910970.0,500,21:18:21
2019-07-08 21:16:59,1932.0,19316.59593937661,34970,914326.0,910970.0,500,21:18:22
2019-07-08 21:17:03,1932.0,19316.59593937661,34970,914326.0,910970.0,0,21:18:27
2019-07-08 21:17:05,1932.0,19316.596134050098,34972,914328.0,910970.0,500,21:18:28
2019-07-08 21:17:07,1932.0,19316.596328701322,34974,914328.0,910970.0,0,21:18:31
2019-07-08 21:17:08,1932.0,19316.596328701322,34974,914328.0,910970.0,500,21:18:31
2019-07-08 21:41:19,1934.0,19323.537466429625,52874,915554.0,910970.0,0,21:42:40
2019-07-08 21:41:22,1933.0,19323.537710870718,52876,915554.0,910970.0,0,21:42:45
2019-07-08 21:41:24,1933.0,19323.537710870718,52876,915554.0,910970.0,500,21:42:47
2019-07-08 21:41:25,1933.0,19323.537710870718,52876,915554.0,910970.0,500,21:42:48
2019-07-08 21:41:27,1933.0,19323.537955293315,52878,915554.0,910970.0,500,21:42:50
2019-07-08 21:41:30,1933.0,19323.537955293315,52878,915554.0,910970.0,500,21:42:53
2019-07-08 21:41:32,1934.0,19323.538577912255,52880,915554.0,910970.0,500,21:42:55
2019-07-08 21:41:33,1934.0,19323.538577912255,52880,915554.0,910970.0,0,21:42:57
2019-07-08 21:41:35,1934.0,19323.538577912255,52880,915554.0,910970.0,500,21:42:58
2019-07-08 21:41:36,1934.0,19323.538577912255,52880,915554.0,910970.0,500,21:42:59
2019-07-08 21:41:38,1934.0,19323.538577912255,52880,915554.0,910970.0,0,21:43:01
2019-07-08 21:41:38,1934.0,19323.538577912255,52880,915554.0,910970.0,500,21:43:01
2019-07-08 21:41:39,1933.0,19323.538822283575,52882,915554.0,910970.0,0,21:43:03
2019-07-08 21:41:52,1933.0,19323.538822283575,52882,915554.0,910970.0,500,21:43:05
2019-07-08 21:41:53,1933.0,19323.538822283575,52882,915554.0,910970.0,500,21:43:08
2019-07-08 21:41:53,1933.0,19323.53906663641,52884,915554.0,910970.0,500,21:43:10
2019-07-08 21:41:53,1933.0,19323.540043862966,52892,915554.0,910970.0,0,21:43:12
2019-07-08 21:41:53,1933.0,19323.540043862966,52892,915554.0,910970.0,500,21:43:16
2019-07-08 21:41:57,1934.0,19323.541910847292,52898,915548.0,910970.0,0,21:43:21
2019-07-08 21:41:58,1934.0,19323.544399501003,52906,915542.0,910970.0,500,21:43:21
2019-07-09 10:57:45,1923.0,19266.191892568433,407478,960482.0,910970.0,0,10:57:21
2019-07-09 10:57:50,1923.0,19266.191892568433,407478,960482.0,910970.0,0,10:57:27
2019-07-09 10:57:53,1923.0,19266.191892568433,407478,960482.0,910970.0,500,10:57:30
2019-07-09 10:57:53,1922.0,19266.19166584863,407480,960484.0,910970.0,0,10:57:31
2019-07-09 10:57:55,1922.0,19266.187131919905,407520,960478.0,910970.0,500,10:57:32
2019-07-09 10:57:59,1922.0,19266.187131919905,407520,960478.0,910970.0,0,10:57:36
2019-07-09 10:58:00,1923.0,19266.186954323937,407522,960478.0,910970.0,500,10:57:37
2019-07-09 10:58:01,1923.0,19266.186954323937,407522,960478.0,910970.0,0,10:57:39
2019-07-09 10:58:03,1923.0,19266.186954323937,407522,960478.0,910970.0,0,10:57:41
2019-07-09 10:58:06,1923.0,19266.186776729715,407524,960478.0,910970.0,0,10:57:44
2019-07-09 10:58:07,1923.0,19266.186776729715,407524,960478.0,910970.0,0,10:57:45
2019-07-09 10:58:10,1923.0,19266.186776729715,407524,960478.0,910970.0,0,10:57:48
2019-07-09 10:58:12,1923.0,19266.186776729715,407524,960478.0,910970.0,500,10:57:48
2019-07-09 10:58:12,1923.0,19266.186776729715,407524,960478.0,910970.0,500,10:57:49
2019-07-09 10:58:12,1923.0,19266.186776729715,407524,960478.0,910970.0,0,10:57:50
2019-07-09 10:58:14,1923.0,19266.186776729715,407524,960478.0,910970.0,0,10:57:51
2019-07-09 10:58:17,1923.0,19266.18553361895,407538,960492.0,910970.0,0,10:57:52
2019-07-09 10:58:17,1923.0,19266.18553361895,407538,960492.0,910970.0,0,10:57:54
2019-07-09 10:58:17,1923.0,19266.18553361895,407538,960492.0,910970.0,500,10:57:54
2019-07-09 10:58:21,1923.0,19266.18553361895,407538,960492.0,910970.0,0,10:57:55
2019-07-09 10:58:21,1923.0,19266.18553361895,407538,960492.0,910970.0,0,10:57:57
2019-07-09 10:58:21,1923.0,19266.18553361895,407538,960492.0,910970.0,0,10:57:58
2019-07-09 10:58:28,1923.0,19266.18553361895,407538,960492.0,910970.0,0,10:58:01
2019-07-09 10:58:28,1923.0,19266.18535603867,407540,960492.0,910970.0,500,10:58:01
2019-07-09 10:58:29,1922.0,19266.184676085646,407546,960486.0,910970.0,500,10:58:02
2019-07-09 10:58:29,1922.0,19266.184676085646,407546,960486.0,910970.0,500,10:58:03
2019-07-09 10:58:29,1922.0,19266.184676085646,407546,960486.0,910970.0,0,10:58:04
2019-07-09 10:58:29,1922.0,19266.184676085646,407546,960486.0,910970.0,0,10:58:05
2019-07-09 10:58:29,1922.0,19266.177877656366,407606,960426.0,910970.0,0,10:58:06
2019-07-09 10:58:29,1922.0,19266.177877656366,407606,960426.0,910970.0,0,10:58:07
2019-07-09 10:58:32,1922.0,19266.177877656366,407606,960426.0,910970.0,0,10:58:10
2019-07-09 10:58:34,1923.0,19266.177700143275,407608,960426.0,910970.0,0,10:58:11
2019-07-09 10:58:37,1923.0,19266.177700143275,407608,960426.0,910970.0,0,10:58:15
2019-07-09 10:58:38,1923.0,19266.177700143275,407608,960426.0,910970.0,0,10:58:16
2019-07-09 10:58:43,1923.0,19266.177345122323,407612,960426.0,910970.0,500,10:58:20
2019-07-09 10:58:44,1923.0,19266.177345122323,407612,960426.0,910970.0,500,10:58:21
2019-07-09 10:58:48,1923.0,19266.177345122323,407612,960426.0,910970.0,500,10:58:25
2019-07-09 10:58:49,1923.0,19266.177345122323,407612,960426.0,910970.0,500,10:58:26
2019-07-09 10:58:55,1923.0,19266.177345122323,407612,960426.0,910970.0,500,10:58:32
2019-07-09 10:58:55,1923.0,19266.17716761446,407614,960428.0,910970.0,0,10:58:33
2019-07-09 10:58:56,1923.0,19266.17716761446,407614,960428.0,910970.0,0,10:58:34
2019-07-09 10:58:57,1923.0,19266.17716761446,407614,960428.0,910970.0,0,10:58:35
2019-07-09 10:58:59,1923.0,19266.17716761446,407614,960428.0,910970.0,500,10:58:36
2019-07-09 10:59:00,1922.0,19266.17694104255,407616,960428.0,910970.0,0,10:58:38
2019-07-09 10:59:01,1922.0,19266.17694104255,407616,960428.0,910970.0,500,10:58:38
2019-07-09 10:59:02,1922.0,19266.17694104255,407616,960428.0,910970.0,0,10:58:39
2019-07-09 10:59:03,1922.0,19266.17694104255,407616,960428.0,910970.0,500,10:58:40
2019-07-09 10:59:03,1922.0,19266.17694104255,407616,960428.0,910970.0,0,10:58:41
2019-07-09 10:59:05,1922.0,19266.17694104255,407616,960428.0,910970.0,0,10:58:43
2019-07-09 10:59:06,1922.0,19266.17694104255,407616,960428.0,910970.0,500,10:58:43
2019-07-09 10:59:06,1923.0,19266.17676353841,407618,960428.0,910970.0,0,10:58:44
2019-07-09 10:59:07,1923.0,19266.17676353841,407618,960428.0,910970.0,500,10:58:44
2019-07-09 10:59:10,1923.0,19266.17676353841,407618,960428.0,910970.0,0,10:58:48
2019-07-09 10:59:12,1923.0,19266.176586036014,407620,960430.0,910970.0,0,10:58:49
2019-07-09 10:59:15,1922.0,19266.176132906796,407624,960430.0,910970.0,0,10:58:51
2019-07-09 10:59:16,1922.0,19266.176132906796,407624,960430.0,910970.0,0,10:58:54
2019-07-09 10:59:17,1922.0,19266.176132906796,407624,960430.0,910970.0,500,10:58:54
2019-07-09 10:59:17,1922.0,19266.176132906796,407624,960430.0,910970.0,0,10:58:55
2019-07-09 10:59:21,1922.0,19266.176132906796,407624,960430.0,910970.0,500,10:58:58
2019-07-09 10:59:22,1922.0,19266.176132906796,407624,960430.0,910970.0,0,10:58:59
2019-07-09 10:59:22,1922.0,19266.176132906796,407624,960430.0,910970.0,500,10:58:59
2019-07-09 10:59:22,1923.0,19266.175955410105,407626,960430.0,910970.0,0,10:59:00
2019-07-09 10:59:23,1922.0,19266.171877682984,407662,960402.0,910970.0,500,10:59:00
2019-07-09 10:59:24,1922.0,19266.17074510881,407672,960400.0,910970.0,0,10:59:01
2019-07-09 10:59:24,1922.0,19266.168480127155,407692,960400.0,910970.0,500,10:59:01
2019-07-09 10:59:25,1922.0,19266.16621536771,407712,960400.0,910970.0,500,10:59:02
2019-07-09 10:59:27,1922.0,19266.165988903987,407714,960400.0,910970.0,0,10:59:04
2019-07-09 10:59:31,1922.0,19266.165762442484,407716,960400.0,910970.0,0,10:59:08
2019-07-09 10:59:31,1922.0,19266.062050637,408634,960732.0,910970.0,0,10:59:09
2019-07-09 10:59:32,1922.0,19266.060923444365,408644,960740.0,910970.0,500,10:59:09
2019-07-09 10:59:33,1922.0,19266.060923444365,408644,960740.0,910970.0,0,10:59:10
2019-07-09 10:59:33,1921.0,19266.05379059252,408696,960740.0,910970.0,500,10:59:10
2019-07-09 10:59:34,1921.0,19266.052742326967,408704,960740.0,910970.0,0,10:59:11
2019-07-09 10:59:34,1921.0,19266.052742326967,408704,960740.0,910970.0,500,10:59:11
2019-07-09 10:59:34,1921.0,19266.052742326967,408704,960740.0,910970.0,0,10:59:12
2019-07-09 10:59:35,1921.0,19266.052742326967,408704,960740.0,910970.0,500,10:59:12
2019-07-09 10:59:36,1921.0,19266.052742326967,408704,960740.0,910970.0,500,10:59:13
2019-07-09 10:59:37,1921.0,19266.052742326967,408704,960740.0,910970.0,500,10:59:14
2019-07-09 10:59:38,1921.0,19266.052742326967,408704,960740.0,910970.0,0,10:59:15
2019-07-09 10:59:38,1921.0,19266.052742326967,408704,960740.0,910970.0,500,10:59:15
2019-07-09 10:59:38,1921.0,19266.052742326967,408704,960740.0,910970.0,0,10:59:16
2019-07-09 10:59:41,1921.0,19266.052742326967,408704,960740.0,910970.0,0,10:59:18
2019-07-09 10:59:41,1921.0,19266.052742326967,408704,960740.0,910970.0,500,10:59:18
2019-07-09 10:59:41,1921.0,19266.052468033256,408706,960740.0,910970.0,0,10:59:19
2019-07-09 10:59:42,1921.0,19266.052468033256,408706,960740.0,910970.0,500,10:59:19
2019-07-09 10:59:42,1921.0,19266.052468033256,408706,960740.0,910970.0,0,10:59:20
2019-07-09 10:59:43,1921.0,19266.05191945389,408710,960744.0,910970.0,500,10:59:20
2019-07-09 10:59:43,1921.0,19266.05191945389,408710,960744.0,910970.0,0,10:59:21
2019-07-09 10:59:44,1921.0,19266.05191945389,408710,960744.0,910970.0,500,10:59:21
2019-07-09 10:59:44,1921.0,19266.05191945389,408710,960744.0,910970.0,0,10:59:22
2019-07-09 10:59:45,1921.0,19266.05191945389,408710,960744.0,910970.0,500,10:59:22
2019-07-09 10:59:46,1921.0,19266.051370885263,408714,960746.0,910970.0,0,10:59:23
2019-07-09 10:59:46,1921.0,19266.051096604977,408716,960748.0,910970.0,500,10:59:23
2019-07-09 10:59:46,1921.0,19266.051096604977,408716,960748.0,910970.0,0,10:59:24
2019-07-09 10:59:47,1922.0,19266.033076042615,408876,960906.0,910970.0,500,10:59:24
2019-07-09 10:59:47,1922.0,19266.033076042615,408876,960906.0,910970.0,0,10:59:25
2019-07-09 10:59:48,1922.0,19266.024071049207,408956,960986.0,910970.0,500,10:59:25
2019-07-09 10:59:49,1921.0,19266.023523082942,408960,960988.0,910970.0,0,10:59:26
2019-07-09 10:59:49,1921.0,19266.023523082942,408960,960988.0,910970.0,500,10:59:26
2019-07-09 10:59:49,1921.0,19266.023523082942,408960,960988.0,910970.0,0,10:59:27
2019-07-09 10:59:50,1921.0,19266.023523082942,408960,960988.0,910970.0,500,10:59:27
2019-07-09 10:59:50,1921.0,19266.023523082942,408960,960988.0,910970.0,0,10:59:28
2019-07-09 10:59:51,1922.0,19266.023298008127,408962,960990.0,910970.0,500,10:59:28
2019-07-09 10:59:51,1922.0,19266.023298008127,408962,960990.0,910970.0,0,10:59:29
2019-07-09 10:59:52,1922.0,19266.023298008127,408962,960990.0,910970.0,0,10:59:30
2019-07-09 10:59:55,1922.0,19266.023298008127,408962,960990.0,910970.0,500,10:59:32
2019-07-09 10:59:55,1922.0,19266.023298008127,408962,960990.0,910970.0,0,10:59:33
2019-07-09 10:59:56,1922.0,19266.023298008127,408962,960990.0,910970.0,500,10:59:33
2019-07-09 10:59:58,1921.0,19266.0109717102,409052,960982.0,910970.0,0,10:59:35
2019-07-09 10:59:58,1921.0,19266.00357853466,409106,960992.0,910970.0,500,10:59:35
2019-07-09 10:59:58,1921.0,19266.003030969667,409110,960988.0,910970.0,0,10:59:36
2019-07-09 10:59:59,1921.0,19266.003030969667,409110,960988.0,910970.0,500,10:59:36
2019-07-09 10:59:59,1922.0,19266.002131414407,409118,960988.0,910970.0,0,10:59:37
2019-07-09 11:00:00,1922.0,19266.001681649974,409122,960988.0,910970.0,500,10:59:37
2019-07-09 11:00:00,1922.0,19266.001681649974,409122,960988.0,910970.0,0,10:59:38
2019-07-09 11:00:01,1922.0,19266.001681649974,409122,960988.0,910970.0,500,10:59:38
2019-07-09 11:00:01,1922.0,19266.001681649974,409122,960988.0,910970.0,0,10:59:39
2019-07-09 11:00:02,1921.0,19266.00086036644,409128,960988.0,910970.0,0,10:59:40
2019-07-09 11:00:04,1922.0,19266.00063549483,409130,960990.0,910970.0,500,10:59:41
2019-07-09 11:00:05,1922.0,19266.00041062542,409132,960990.0,910970.0,500,10:59:42
2019-07-09 11:00:06,1921.0,19265.997673236354,409152,960990.0,910970.0,500,10:59:43
2019-07-09 11:00:06,1921.0,19265.997673236354,409152,960990.0,910970.0,0,10:59:44
2019-07-09 11:00:07,1921.0,19265.997673236354,409152,960990.0,910970.0,0,10:59:45
2019-07-09 11:00:08,1922.0,19265.997448393515,409154,960992.0,910970.0,0,10:59:46
2019-07-09 11:00:10,1921.0,19265.996627236287,409160,960992.0,910970.0,0,10:59:47
2019-07-09 11:00:10,1921.0,19265.963800683927,409400,960818.0,910970.0,500,10:59:47
2019-07-09 11:00:10,1921.0,19265.963527291024,409402,960818.0,910970.0,0,10:59:48
2019-07-09 11:00:11,1921.0,19265.963527291024,409402,960818.0,910970.0,500,10:59:48
2019-07-09 11:00:12,1921.0,19265.96325390079,409404,960818.0,910970.0,500,10:59:49
2019-07-09 11:00:12,1922.0,19265.963029364495,409406,960818.0,910970.0,0,10:59:50
2019-07-09 11:00:13,1921.0,19265.962482596908,409410,960820.0,910970.0,500,10:59:50
2019-07-09 11:00:13,1921.0,19265.962482596908,409410,960820.0,910970.0,0,10:59:51
2019-07-09 11:00:15,1921.0,19265.96220921712,409412,960820.0,910970.0,500,10:59:52
2019-07-09 11:00:15,1922.0,19265.961984690315,409414,960822.0,910970.0,0,10:59:53
2019-07-09 11:00:17,1921.0,19265.96171131563,409416,960822.0,910970.0,500,10:59:53
2019-07-09 11:00:17,1922.0,19265.959895464424,409430,960822.0,910970.0,0,10:59:54
2019-07-09 11:00:17,1921.0,19265.957982043943,409444,960822.0,910970.0,500,10:59:54
2019-07-09 11:00:17,1921.0,19265.957982043943,409444,960822.0,910970.0,0,10:59:55
2019-07-09 11:00:18,1922.0,19265.95753306891,409448,960822.0,910970.0,500,10:59:55
2019-07-09 11:00:19,1922.0,19265.95753306891,409448,960822.0,910970.0,0,10:59:57
2019-07-09 11:00:20,1922.0,19265.95753306891,409448,960822.0,910970.0,0,10:59:58
2019-07-09 11:00:21,1922.0,19265.95528832534,409468,960842.0,910970.0,500,10:59:58
2019-07-09 11:00:22,1922.0,19265.95528832534,409468,960842.0,910970.0,500,10:59:59
2019-07-09 11:00:22,1922.0,19265.95528832534,409468,960842.0,910970.0,0,11:00:00
2019-07-09 11:00:23,1921.0,19265.953921822416,409478,960832.0,910970.0,500,11:00:00
2019-07-09 11:00:23,1921.0,19265.951735556566,409494,960830.0,910970.0,0,11:00:01
2019-07-09 11:00:24,1921.0,19265.840132970687,410316,961058.0,910970.0,500,11:00:01
2019-07-09 11:00:24,1921.0,19265.8398607909,410318,961058.0,910970.0,0,11:00:02
2019-07-09 11:00:25,1921.0,19265.82462295641,410430,961058.0,910970.0,500,11:00:02
2019-07-09 11:00:25,1921.0,19265.788466408245,410696,961194.0,910970.0,0,11:00:03
2019-07-09 11:00:26,1921.0,19265.784391540834,410726,961204.0,910970.0,500,11:00:03
2019-07-09 11:00:26,1921.0,19265.76402612954,410876,961354.0,910970.0,0,11:00:04
2019-07-09 11:00:27,1921.0,19265.76212611648,410890,961354.0,910970.0,500,11:00:04
2019-07-09 11:00:28,1921.0,19265.760497636908,410902,961360.0,910970.0,500,11:00:05
2019-07-09 11:00:29,1921.0,19265.75995483152,410906,961356.0,910970.0,500,11:00:06
2019-07-09 11:00:30,1921.0,19265.75995483152,410906,961356.0,910970.0,500,11:00:07
2019-07-09 11:00:30,1921.0,19265.75995483152,410906,961356.0,910970.0,0,11:00:08
2019-07-09 11:00:31,1921.0,19265.7594120367,410910,961356.0,910970.0,500,11:00:08
2019-07-09 11:00:32,1921.0,19265.7594120367,410910,961356.0,910970.0,0,11:00:09
2019-07-09 11:00:32,1921.0,19265.75914064325,410912,961354.0,910970.0,500,11:00:09
2019-07-09 11:00:32,1921.0,19265.75914064325,410912,961354.0,910970.0,0,11:00:10
2019-07-09 11:00:33,1921.0,19265.743404342284,411028,961464.0,910970.0,500,11:00:10
2019-07-09 11:00:33,1921.0,19265.605954703868,412044,961396.0,910970.0,0,11:00:11
2019-07-09 11:00:34,1921.0,19265.549332790255,412464,961346.0,910970.0,500,11:00:11
2019-07-09 11:00:34,1921.0,19265.53532993349,412568,961342.0,910970.0,0,11:00:12
2019-07-09 11:00:35,1921.0,19265.534253083068,412576,961342.0,910970.0,500,11:00:12
2019-07-09 11:00:36,1921.0,19265.533445472658,412582,961340.0,910970.0,500,11:00:13
2019-07-09 11:00:36,1921.0,19265.533445472658,412582,961340.0,910970.0,0,11:00:14
2019-07-09 11:00:37,1921.0,19265.533445472658,412582,961340.0,910970.0,500,11:00:14
2019-07-09 11:00:37,1921.0,19265.533176274406,412584,961338.0,910970.0,0,11:00:15
2019-07-09 11:00:38,1921.0,19265.533176274406,412584,961338.0,910970.0,500,11:00:15
2019-07-09 11:00:38,1921.0,19265.533176274406,412584,961338.0,910970.0,0,11:00:16
2019-07-09 11:00:39,1921.0,19265.533176274406,412584,961338.0,910970.0,500,11:00:16
2019-07-09 11:00:39,1921.0,19265.533176274406,412584,961338.0,910970.0,0,11:00:17
2019-07-09 11:00:40,1921.0,19265.533176274406,412584,961338.0,910970.0,500,11:00:17
2019-07-09 11:00:40,1921.0,19265.533176274406,412584,961338.0,910970.0,0,11:00:18
2019-07-09 11:00:41,1922.0,19265.53295555351,412586,961338.0,910970.0,500,11:00:18
2019-07-09 11:00:41,1922.0,19265.53295555351,412586,961338.0,910970.0,0,11:00:19
2019-07-09 11:00:42,1921.0,19265.532686360242,412588,961338.0,910970.0,500,11:00:19
2019-07-09 11:00:42,1921.0,19265.532686360242,412588,961338.0,910970.0,0,11:00:20
2019-07-09 11:00:44,1921.0,19265.532417169587,412590,961338.0,910970.0,500,11:00:20
2019-07-09 11:00:44,1921.0,19265.532417169587,412590,961338.0,910970.0,0,11:00:21
2019-07-09 11:00:44,1921.0,19265.532417169587,412590,961338.0,910970.0,500,11:00:21
2019-07-09 11:00:45,1921.0,19265.532417169587,412590,961338.0,910970.0,500,11:00:22
2019-07-09 11:00:45,1921.0,19265.532417169587,412590,961338.0,910970.0,0,11:00:23
2019-07-09 11:00:47,1921.0,19265.532417169587,412590,961338.0,910970.0,500,11:00:24
2019-07-09 11:00:47,1921.0,19265.532417169587,412590,961338.0,910970.0,0,11:00:25
2019-07-09 11:00:48,1921.0,19265.532417169587,412590,961338.0,910970.0,500,11:00:25
2019-07-09 11:00:49,1921.0,19265.53214798154,412592,961338.0,910970.0,500,11:00:26
2019-07-09 11:00:49,1922.0,19265.531927269905,412594,961340.0,910970.0,0,11:00:27
2019-07-09 11:00:51,1922.0,19265.531927269905,412594,961340.0,910970.0,0,11:00:29
2019-07-09 11:00:54,1922.0,19265.531927269905,412594,961340.0,910970.0,500,11:00:31
2019-07-09 11:00:55,1922.0,19265.531706560414,412596,961342.0,910970.0,500,11:00:32
2019-07-09 11:00:57,1922.0,19265.531706560414,412596,961342.0,910970.0,0,11:00:34
2019-07-09 11:00:57,1922.0,19265.53148585306,412598,961342.0,910970.0,0,11:00:35
2019-07-09 11:00:59,1921.0,19265.531216674746,412600,961340.0,910970.0,0,11:00:37
2019-07-09 11:01:00,1921.0,19265.531216674746,412600,961340.0,910970.0,500,11:00:37
2019-07-09 11:01:00,1922.0,19265.465101645692,413200,961888.0,910970.0,0,11:00:38
2019-07-09 11:01:02,1921.0,19265.452754952916,413292,961890.0,910970.0,0,11:00:39
2019-07-09 11:01:02,1921.0,19265.442827905536,413366,961936.0,910970.0,500,11:00:39
2019-07-09 11:01:02,1921.0,19265.439657466315,413390,961958.0,910970.0,0,11:00:40
2019-07-09 11:01:03,1921.0,19265.437511792283,413406,961974.0,910970.0,500,11:00:40
2019-07-09 11:01:03,1921.0,19265.436975399723,413410,961978.0,910970.0,0,11:00:41
2019-07-09 11:01:04,1921.0,19265.436975399723,413410,961978.0,910970.0,500,11:00:41
2019-07-09 11:01:05,1921.0,19265.43563446374,413420,961978.0,910970.0,0,11:00:42
2019-07-09 11:01:05,1921.0,19265.43563446374,413420,961978.0,910970.0,500,11:00:42
2019-07-09 11:01:06,1921.0,19265.43563446374,413420,961978.0,910970.0,0,11:00:43
2019-07-09 11:01:06,1921.0,19265.435366284328,413422,961980.0,910970.0,0,11:00:44
2019-07-09 11:01:07,1921.0,19265.435366284328,413422,961980.0,910970.0,500,11:00:44
2019-07-09 11:01:07,1922.0,19265.43492668579,413426,961984.0,910970.0,0,11:00:45
2019-07-09 11:01:09,1922.0,19265.43492668579,413426,961984.0,910970.0,0,11:00:47
2019-07-09 11:01:10,1922.0,19265.43492668579,413426,961984.0,910970.0,500,11:00:47
2019-07-09 11:01:11,1922.0,19265.43492668579,413426,961984.0,910970.0,500,11:00:48
2019-07-09 11:01:11,1922.0,19265.43470688971,413428,961984.0,910970.0,0,11:00:49
2019-07-09 11:01:12,1922.0,19265.390571007418,413830,962202.0,910970.0,0,11:00:50
2019-07-09 11:01:13,1922.0,19265.390571007418,413830,962202.0,910970.0,500,11:00:50
2019-07-09 11:01:13,1922.0,19265.390571007418,413830,962202.0,910970.0,0,11:00:51
2019-07-09 11:01:16,1922.0,19265.368425628938,414032,962312.0,910970.0,500,11:00:51
2019-07-09 11:01:16,1922.0,19265.368425628938,414032,962312.0,910970.0,0,11:00:53
2019-07-09 11:01:18,1922.0,19265.368425628938,414032,962312.0,910970.0,500,11:00:54
2019-07-09 11:01:18,1922.0,19265.368425628938,414032,962312.0,910970.0,0,11:00:55
2019-07-09 11:01:18,1922.0,19265.368425628938,414032,962312.0,910970.0,500,11:00:55
2019-07-09 11:01:18,1922.0,19265.367987324775,414036,962312.0,910970.0,0,11:00:56
2019-07-09 11:01:19,1922.0,19265.367987324775,414036,962312.0,910970.0,500,11:00:56
2019-07-09 11:01:21,1922.0,19265.367987324775,414036,962312.0,910970.0,500,11:00:58
2019-07-09 11:01:21,1922.0,19265.367987324775,414036,962312.0,910970.0,0,11:00:59
2019-07-09 11:01:22,1922.0,19265.367987324775,414036,962312.0,910970.0,500,11:00:59
2019-07-09 11:01:22,1922.0,19265.367987324775,414036,962312.0,910970.0,0,11:01:00
2019-07-09 11:01:23,1922.0,19265.367987324775,414036,962312.0,910970.0,500,11:01:00
2019-07-09 11:01:24,1922.0,19265.367987324775,414036,962312.0,910970.0,0,11:01:01
2019-07-09 11:01:24,1922.0,19265.367987324775,414036,962312.0,910970.0,0,11:01:02
2019-07-09 11:01:26,1922.0,19265.367987324775,414036,962312.0,910970.0,500,11:01:03
2019-07-09 11:01:26,1921.0,19265.367719871123,414038,962312.0,910970.0,0,11:01:04
2019-07-09 11:01:27,1922.0,19265.36574762834,414056,962294.0,910970.0,500,11:01:04
2019-07-09 11:01:27,1921.0,19265.365212771096,414060,962298.0,910970.0,0,11:01:05
2019-07-09 11:01:28,1921.0,19265.365212771096,414060,962298.0,910970.0,500,11:01:05
2019-07-09 11:01:28,1921.0,19265.365212771096,414060,962298.0,910970.0,0,11:01:06
2019-07-09 11:01:30,1921.0,19265.364677924186,414064,962294.0,910970.0,0,11:01:08
2019-07-09 11:01:31,1921.0,19265.364677924186,414064,962294.0,910970.0,500,11:01:08
2019-07-09 11:01:32,1922.0,19265.364191388853,414068,962294.0,910970.0,500,11:01:09
2019-07-09 11:01:37,1921.0,19265.344409679972,414216,962296.0,910970.0,500,11:01:14
2019-07-09 11:01:38,1921.0,19265.342806377164,414228,962298.0,910970.0,500,11:01:15
2019-07-09 11:01:39,1921.0,19265.342806377164,414228,962298.0,910970.0,500,11:01:16
2019-07-09 11:01:39,1921.0,19265.342806377164,414228,962298.0,910970.0,0,11:01:17
2019-07-09 11:01:41,1921.0,19265.342806377164,414228,962298.0,910970.0,500,11:01:18
2019-07-09 11:01:42,1921.0,19265.342806377164,414228,962298.0,910970.0,0,11:01:20
2019-07-09 11:01:43,1921.0,19265.342806377164,414228,962298.0,910970.0,500,11:01:20
2019-07-09 11:01:45,1921.0,19265.342806377164,414228,962298.0,910970.0,0,11:01:23
2019-07-09 11:01:47,1921.0,19265.342806377164,414228,962298.0,910970.0,0,11:01:24
2019-07-09 11:01:47,1921.0,19265.342806377164,414228,962298.0,910970.0,500,11:01:24
2019-07-09 11:01:49,1921.0,19265.342806377164,414228,962298.0,910970.0,500,11:01:25
2019-07-09 11:01:49,1921.0,19265.342806377164,414228,962298.0,910970.0,0,11:01:27
2019-07-09 11:01:51,1921.0,19265.342806377164,414228,962298.0,910970.0,500,11:01:28
2019-07-09 11:01:53,1921.0,19265.342806377164,414228,962298.0,910970.0,500,11:01:30
2019-07-09 11:01:54,1922.0,19265.337024949793,414272,962256.0,910970.0,500,11:01:31
2019-07-09 11:01:55,1922.0,19265.337024949793,414272,962256.0,910970.0,500,11:01:32
2019-07-09 11:02:00,1922.0,19265.337024949793,414272,962256.0,910970.0,0,11:01:38
2019-07-09 11:02:02,1922.0,19265.336806075207,414274,962256.0,910970.0,0,11:01:40
2019-07-09 11:02:04,1922.0,19265.336806075207,414274,962256.0,910970.0,0,11:01:41
2019-07-09 11:02:04,1922.0,19265.33571173398,414284,962256.0,910970.0,500,11:01:41
2019-07-09 11:02:05,1922.0,19265.33571173398,414284,962256.0,910970.0,500,11:01:42
2019-07-09 11:02:06,1921.0,19265.335444596247,414286,962254.0,910970.0,500,11:01:43
2019-07-09 11:02:08,1921.0,19265.335444596247,414286,962254.0,910970.0,500,11:01:45
2019-07-09 11:02:08,1921.0,19265.335444596247,414286,962254.0,910970.0,0,11:01:46
2019-07-09 11:02:10,1921.0,19265.335444596247,414286,962254.0,910970.0,500,11:01:47
2019-07-09 11:02:16,1921.0,19265.335444596247,414286,962254.0,910970.0,0,11:01:53
2019-07-09 11:02:17,1922.0,19265.335225736686,414288,962254.0,910970.0,500,11:01:54
2019-07-09 11:02:17,1922.0,19265.335225736686,414288,962254.0,910970.0,0,11:01:55
2019-07-09 11:02:18,1922.0,19265.335225736686,414288,962254.0,910970.0,500,11:01:55
2019-07-09 11:02:18,1922.0,19265.334569170685,414294,962254.0,910970.0,0,11:01:56
2019-07-09 11:02:19,1922.0,19265.334569170685,414294,962254.0,910970.0,500,11:01:56
2019-07-09 11:02:19,1922.0,19265.334569170685,414294,962254.0,910970.0,0,11:01:57
2019-07-09 11:02:20,1922.0,19265.33435031958,414296,962254.0,910970.0,500,11:01:57
2019-07-09 11:02:20,1921.0,19265.334083196154,414298,962252.0,910970.0,0,11:01:58
2019-07-09 11:02:21,1922.0,19265.333864349504,414300,962252.0,910970.0,500,11:01:58
2019-07-09 11:02:22,1921.0,19265.333597231005,414302,962254.0,910970.0,0,11:02:00
2019-07-09 11:02:23,1921.0,19265.333597231005,414302,962254.0,910970.0,500,11:02:00
2019-07-09 11:02:23,1922.0,19265.332940710774,414308,962254.0,910970.0,0,11:02:01
2019-07-09 11:17:06,1923.0,19262.422326130378,440560,960924.0,910970.0,0,11:16:36
2019-07-09 11:17:06,1923.0,19262.422326130378,440560,960924.0,910970.0,500,11:16:36
2019-07-09 11:17:07,1923.0,19262.422326130378,440560,960924.0,910970.0,500,11:16:37
2019-07-09 11:17:08,1923.0,19262.422326130378,440560,960924.0,910970.0,500,11:16:38
2019-07-09 11:17:08,1923.0,19262.422326130378,440560,960924.0,910970.0,0,11:16:39
2019-07-09 11:17:09,1923.0,19262.42203175929,440564,960926.0,910970.0,500,11:16:39
2019-07-09 11:17:09,1923.0,19262.421737393546,440568,960926.0,910970.0,500,11:16:40
2019-07-09 11:17:09,1923.0,19262.421737393546,440568,960926.0,910970.0,0,11:16:42
2019-07-09 11:17:09,1923.0,19262.421737393546,440568,960926.0,910970.0,500,11:16:42
2019-07-09 11:17:09,1923.0,19262.421737393546,440568,960926.0,910970.0,0,11:16:45
2019-07-09 11:17:10,1923.0,19262.421737393546,440568,960926.0,910970.0,500,11:16:45
2019-07-09 11:17:10,1923.0,19262.421590212678,440570,960928.0,910970.0,0,11:16:46
2019-07-09 11:17:10,1923.0,19262.421590212678,440570,960928.0,910970.0,500,11:16:46
2019-07-09 11:17:10,1923.0,19262.419235500518,440602,960928.0,910970.0,500,11:16:47
2019-07-09 11:17:12,1923.0,19262.419235500518,440602,960928.0,910970.0,0,11:16:50
2019-07-09 11:17:13,1923.0,19262.418941185548,440606,960932.0,910970.0,0,11:16:51
2019-07-09 11:17:17,1923.0,19262.41879403007,440608,960934.0,910970.0,500,11:16:52
2019-07-09 11:17:19,1923.0,19262.41864687592,440610,960936.0,910970.0,500,11:16:54
2019-07-09 11:17:19,1923.0,19262.418499723113,440612,960936.0,910970.0,0,11:16:55
2019-07-09 11:17:19,1923.0,19262.418499723113,440612,960936.0,910970.0,500,11:16:55
2019-07-09 11:17:19,1923.0,19262.41835257164,440614,960938.0,910970.0,500,11:16:56
2019-07-09 11:17:20,1923.0,19262.39863362941,440876,961180.0,910970.0,0,11:16:57
2019-07-09 11:17:21,1923.0,19262.39863362941,440876,961180.0,910970.0,500,11:16:58
2019-07-09 11:17:23,1923.0,19262.398486656173,440878,961180.0,910970.0,500,11:17:00
2019-07-09 11:17:24,1923.0,19262.398486656173,440878,961180.0,910970.0,0,11:17:01
2019-07-09 11:17:25,1923.0,19262.398339684267,440880,961182.0,910970.0,500,11:17:02
2019-07-09 11:17:27,1922.0,19262.38872511225,440980,961142.0,910970.0,500,11:17:04
2019-07-09 11:17:28,1922.0,19262.38872511225,440980,961142.0,910970.0,0,11:17:05
2019-07-09 11:17:29,1922.0,19262.38872511225,440980,961142.0,910970.0,0,11:17:06
2019-07-09 11:17:29,1923.0,19262.387256235826,441000,961142.0,910970.0,500,11:17:06
2019-07-09 11:17:34,1923.0,19262.387256235826,441000,961142.0,910970.0,0,11:17:07
2019-07-09 11:17:34,1923.0,19262.387256235826,441000,961142.0,910970.0,500,11:17:07
2019-07-09 11:17:34,1923.0,19262.387256235826,441000,961142.0,910970.0,500,11:17:08
2019-07-09 11:17:34,1923.0,19262.387109355514,441002,961142.0,910970.0,0,11:17:09
2019-07-09 11:17:34,1923.0,19262.386962476532,441004,961144.0,910970.0,500,11:17:09
2019-07-09 11:17:34,1923.0,19262.386962476532,441004,961144.0,910970.0,0,11:17:11
2019-07-09 11:17:35,1923.0,19262.386962476532,441004,961144.0,910970.0,500,11:17:12
2019-07-09 11:17:37,1923.0,19262.386962476532,441004,961144.0,910970.0,0,11:17:15
2019-07-09 11:17:38,1923.0,19262.386962476532,441004,961144.0,910970.0,500,11:17:15
2019-07-09 11:17:38,1923.0,19262.386962476532,441004,961144.0,910970.0,0,11:17:16
2019-07-09 11:17:39,1923.0,19262.386815598882,441006,961146.0,910970.0,500,11:17:16
2019-07-09 11:17:40,1923.0,19262.386815598882,441006,961146.0,910970.0,0,11:17:17
2019-07-09 11:17:40,1923.0,19262.386815598882,441006,961146.0,910970.0,0,11:17:18
2019-07-09 11:17:43,1923.0,19262.386815598882,441006,961146.0,910970.0,500,11:17:20
2019-07-09 11:17:43,1923.0,19262.386815598882,441006,961146.0,910970.0,0,11:17:21
