2019-07-08 21:15:06,4707.2,0.0,0,34134.0,34134.0,676,18:11:17
2019-07-08 21:41:15,4707.2,0.0,0,34134.0,34134.0,676,18:11:17
2019-07-09 10:57:42,4715.8,944658.1923448055,3109,32786.0,34134.0,500,10:57:18
2019-07-09 10:57:42,4715.8,944658.1923448055,3109,32786.0,34134.0,0,10:57:19
2019-07-09 10:57:42,4715.8,944658.1923448055,3109,32786.0,34134.0,500,10:57:19
2019-07-09 10:57:43,4715.8,944658.1923448055,3109,32786.0,34134.0,0,10:57:20
2019-07-09 10:57:43,4715.8,944658.1923448055,3109,32786.0,34134.0,500,10:57:20
2019-07-09 10:57:44,4715.8,944658.1923448055,3109,32786.0,34134.0,0,10:57:21
2019-07-09 10:57:44,4715.8,944658.1923448055,3109,32786.0,34134.0,500,10:57:21
2019-07-09 10:57:45,4715.8,944658.1923448055,3109,32786.0,34134.0,0,10:57:22
2019-07-09 10:57:47,4715.8,944658.1923448055,3109,32786.0,34134.0,0,10:57:23
2019-07-09 10:57:48,4715.8,944658.1923448055,3109,32786.0,34134.0,500,10:57:24
2019-07-09 10:57:49,4715.8,944658.1923448055,3109,32786.0,34134.0,0,10:57:25
2019-07-09 10:57:50,4715.8,944658.1923448055,3109,32786.0,34134.0,0,10:57:26
2019-07-09 10:57:50,4715.8,944658.1923448055,3109,32786.0,34134.0,500,10:57:26
2019-07-09 10:57:51,4715.8,944657.7106109324,3110,32785.0,34134.0,500,10:57:27
2019-07-09 10:57:51,4715.8,944657.7106109324,3110,32785.0,34134.0,0,10:57:28
2019-07-09 10:57:52,4715.8,944657.7106109324,3110,32785.0,34134.0,500,10:57:29
2019-07-09 10:57:53,4715.8,944657.7106109324,3110,32785.0,34134.0,500,10:57:30
2019-07-09 10:57:53,4715.8,944657.7106109324,3110,32785.0,34134.0,0,10:57:31
2019-07-09 10:57:54,4715.8,944657.7106109324,3110,32785.0,34134.0,500,10:57:31
2019-07-09 10:57:55,4715.0,944657.1777563484,3111,32786.0,34134.0,0,10:57:32
2019-07-09 10:57:55,4715.0,944656.645244216,3112,32787.0,34134.0,500,10:57:32
2019-07-09 10:57:55,4715.0,944656.645244216,3112,32787.0,34134.0,0,10:57:33
2019-07-09 10:57:57,4715.0,944656.645244216,3112,32787.0,34134.0,500,10:57:34
2019-07-09 10:57:58,4715.0,944656.113074205,3113,32786.0,34134.0,500,10:57:35
2019-07-09 10:57:59,4715.0,944656.113074205,3113,32786.0,34134.0,0,10:57:36
2019-07-09 10:57:59,4715.0,944656.113074205,3113,32786.0,34134.0,0,10:57:37
2019-07-09 10:58:01,4715.0,944656.113074205,3113,32786.0,34134.0,500,10:57:38
2019-07-09 10:58:01,4715.0,944656.113074205,3113,32786.0,34134.0,0,10:57:39
2019-07-09 10:58:02,4715.0,944656.113074205,3113,32786.0,34134.0,500,10:57:39
2019-07-09 10:58:04,4714.0,944654.9727126806,3115,32784.0,34134.0,500,10:57:41
2019-07-09 10:58:05,4713.8,944653.1622835151,3118,32781.0,34134.0,0,10:57:42
2019-07-09 10:58:05,4713.8,944653.1622835151,3118,32781.0,34134.0,500,10:57:42
2019-07-09 10:58:06,4715.0,944652.6322539275,3119,32780.0,34134.0,0,10:57:43
2019-07-09 10:58:06,4715.2,944651.0826393338,3122,32778.0,34134.0,500,10:57:43
2019-07-09 10:58:06,4715.2,944651.0826393338,3122,32778.0,34134.0,0,10:57:44
2019-07-09 10:58:07,4715.2,944650.0512163893,3124,32780.0,34134.0,500,10:57:44
2019-07-09 10:58:07,4715.2,944650.0512163893,3124,32780.0,34134.0,0,10:57:45
2019-07-09 10:58:08,4715.2,944650.0512163893,3124,32780.0,34134.0,500,10:57:45
2019-07-09 10:58:09,4715.2,944650.0512163893,3124,32780.0,34134.0,0,10:57:46
2019-07-09 10:58:09,4715.2,944650.0512163893,3124,32780.0,34134.0,500,10:57:46
2019-07-09 10:58:09,4715.2,944650.0512163893,3124,32780.0,34134.0,0,10:57:47
2019-07-09 10:58:14,4713.8,944647.6470588235,3128,32776.0,34134.0,500,10:57:50
2019-07-09 10:58:17,4713.8,944646.4408945687,3130,32774.0,34134.0,0,10:57:51
2019-07-09 10:58:17,4713.8,944646.4408945687,3130,32774.0,34134.0,500,10:57:51
2019-07-09 10:58:17,4713.8,944646.4408945687,3130,32774.0,34134.0,0,10:57:52
2019-07-09 10:58:17,4713.8,944646.4408945687,3130,32774.0,34134.0,500,10:57:52
2019-07-09 10:58:17,4713.8,944646.4408945687,3130,32774.0,34134.0,500,10:57:53
2019-07-09 10:58:17,4713.8,944646.4408945687,3130,32774.0,34134.0,0,10:57:54
2019-07-09 10:58:17,4713.8,944646.4408945687,3130,32774.0,34134.0,500,10:57:54
2019-07-09 10:58:21,4713.8,944646.4408945687,3130,32774.0,34134.0,500,10:57:56
2019-07-09 10:58:21,4715.8,944645.9661450016,3131,32773.0,34134.0,500,10:57:57
2019-07-09 10:58:21,4715.0,944645.4406130268,3132,32773.0,34134.0,0,10:57:58
2019-07-09 10:58:28,4715.0,944645.4406130268,3132,32773.0,34134.0,500,10:57:58
2019-07-09 10:58:28,4715.0,944645.4406130268,3132,32773.0,34134.0,0,10:57:59
2019-07-09 10:58:28,4715.0,944644.9154165337,3133,32773.0,34134.0,500,10:57:59
2019-07-09 10:58:28,4716.0,944644.4543714103,3134,32773.0,34134.0,0,10:58:00
2019-07-09 10:58:28,4715.4,944643.9553429027,3135,32772.0,34134.0,500,10:58:00
2019-07-09 10:58:28,4715.4,944643.9553429027,3135,32772.0,34134.0,0,10:58:01
2019-07-09 10:58:29,4715.4,944643.9553429027,3135,32772.0,34134.0,0,10:58:02
2019-07-09 10:58:29,4716.4,944643.5204081633,3136,32771.0,34134.0,500,10:58:02
2019-07-09 10:58:29,4716.4,944643.5204081633,3136,32771.0,34134.0,0,10:58:03
2019-07-09 10:58:29,4715.4,944643.0219955371,3137,32772.0,34134.0,500,10:58:05
2019-07-09 10:58:29,4715.2,944642.511153601,3138,32772.0,34134.0,0,10:58:06
2019-07-09 10:58:29,4715.2,944642.511153601,3138,32772.0,34134.0,500,10:58:06
2019-07-09 10:58:29,4715.2,944642.511153601,3138,32772.0,34134.0,0,10:58:07
2019-07-09 10:58:30,4715.2,944642.511153601,3138,32772.0,34134.0,500,10:58:07
2019-07-09 10:58:31,4715.2,944642.511153601,3138,32772.0,34134.0,0,10:58:08
2019-07-09 10:58:31,4713.8,944641.9114367632,3139,32772.0,34134.0,500,10:58:08
2019-07-09 10:58:31,4713.8,944641.9114367632,3139,32772.0,34134.0,0,10:58:09
2019-07-09 10:58:32,4713.8,944641.9114367632,3139,32772.0,34134.0,500,10:58:09
2019-07-09 10:58:32,4713.8,944641.9114367632,3139,32772.0,34134.0,0,10:58:10
2019-07-09 10:58:35,4713.8,944641.9114367632,3139,32772.0,34134.0,0,10:58:11
2019-07-09 10:58:35,4713.8,944641.9114367632,3139,32772.0,34134.0,500,10:58:11
2019-07-09 10:58:36,4713.8,944641.9114367632,3139,32772.0,34134.0,0,10:58:14
2019-07-09 10:58:37,4713.8,944641.9114367632,3139,32772.0,34134.0,500,10:58:14
2019-07-09 10:58:38,4713.8,944641.9114367632,3139,32772.0,34134.0,500,10:58:15
2019-07-09 10:58:38,4713.8,944641.9114367632,3139,32772.0,34134.0,0,10:58:16
2019-07-09 10:58:39,4715.0,944641.3885350318,3140,32772.0,34134.0,500,10:58:16
2019-07-09 10:58:40,4715.0,944640.3437301082,3142,32770.0,34134.0,0,10:58:17
2019-07-09 10:58:40,4715.4,944639.3511450381,3144,32769.0,34134.0,500,10:58:17
2019-07-09 10:58:41,4715.4,944639.3511450381,3144,32769.0,34134.0,0,10:58:18
2019-07-09 10:58:41,4715.4,944639.3511450381,3144,32769.0,34134.0,500,10:58:18
2019-07-09 10:58:43,4715.4,944639.3511450381,3144,32769.0,34134.0,500,10:58:20
2019-07-09 10:58:43,4715.4,944639.3511450381,3144,32769.0,34134.0,0,10:58:21
2019-07-09 10:58:44,4715.4,944639.3511450381,3144,32769.0,34134.0,500,10:58:21
2019-07-09 10:58:44,4714.4,944638.7917329094,3145,32769.0,34134.0,0,10:58:22
2019-07-09 10:58:47,4714.4,944638.7917329094,3145,32769.0,34134.0,0,10:58:24
2019-07-09 10:58:48,4715.4,944638.2962492054,3146,32769.0,34134.0,500,10:58:24
2019-07-09 10:58:48,4715.4,944638.2962492054,3146,32769.0,34134.0,0,10:58:25
2019-07-09 10:58:48,4715.4,944638.2962492054,3146,32769.0,34134.0,500,10:58:25
2019-07-09 10:58:49,4715.4,944638.2962492054,3146,32769.0,34134.0,500,10:58:26
2019-07-09 10:58:50,4715.4,944638.2962492054,3146,32769.0,34134.0,500,10:58:27
2019-07-09 10:58:50,4715.4,944638.2962492054,3146,32769.0,34134.0,0,10:58:28
2019-07-09 10:58:51,4715.4,944638.2962492054,3146,32769.0,34134.0,500,10:58:28
2019-07-09 10:58:52,4715.4,944638.2962492054,3146,32769.0,34134.0,0,10:58:30
2019-07-09 10:58:53,4715.4,944638.2962492054,3146,32769.0,34134.0,500,10:58:30
2019-07-09 10:58:54,4715.4,944638.2962492054,3146,32769.0,34134.0,0,10:58:31
2019-07-09 10:58:54,4715.4,944638.2962492054,3146,32769.0,34134.0,0,10:58:32
2019-07-09 10:58:55,4715.6,944637.8137909119,3147,32768.0,34134.0,500,10:58:32
2019-07-09 10:58:55,4715.6,944637.8137909119,3147,32768.0,34134.0,0,10:58:33
2019-07-09 10:58:56,4715.6,944637.8137909119,3147,32768.0,34134.0,500,10:58:33
2019-07-09 10:58:57,4715.6,944637.8137909119,3147,32768.0,34134.0,0,10:58:34
2019-07-09 10:58:57,4715.6,944637.8137909119,3147,32768.0,34134.0,500,10:58:34
2019-07-09 10:58:57,4715.6,944637.8137909119,3147,32768.0,34134.0,0,10:58:35
2019-07-09 10:58:58,4715.6,944637.8137909119,3147,32768.0,34134.0,500,10:58:35
2019-07-09 10:58:59,4715.6,944637.8137909119,3147,32768.0,34134.0,500,10:58:36
2019-07-09 10:58:59,4715.6,944637.8137909119,3147,32768.0,34134.0,0,10:58:37
2019-07-09 10:59:00,4715.6,944637.8137909119,3147,32768.0,34134.0,500,10:58:37
2019-07-09 10:59:03,4714.0,944637.2299872935,3148,32769.0,34134.0,0,10:58:41
2019-07-09 10:59:05,4714.0,944636.6465544617,3149,32769.0,34134.0,500,10:58:41
2019-07-09 10:59:05,4713.2,944636.0126984128,3150,32770.0,34134.0,0,10:58:42
2019-07-09 10:59:06,4712.8,944635.3538559187,3151,32770.0,34134.0,0,10:58:43
2019-07-09 10:59:06,4713.0,944634.7081218275,3152,32770.0,34134.0,500,10:58:43
2019-07-09 10:59:06,4713.2,944634.0754836664,3153,32770.0,34134.0,0,10:58:44
2019-07-09 10:59:07,4713.2,944634.0754836664,3153,32770.0,34134.0,500,10:58:44
2019-07-09 10:59:08,4713.2,944634.0754836664,3153,32770.0,34134.0,0,10:58:45
2019-07-09 10:59:09,4713.2,944634.0754836664,3153,32770.0,34134.0,500,10:58:46
2019-07-09 10:59:10,4713.2,944634.0754836664,3153,32770.0,34134.0,0,10:58:48
2019-07-09 10:59:12,4714.4,944633.51934052,3154,32769.0,34134.0,0,10:58:49
2019-07-09 10:59:12,4714.4,944633.51934052,3154,32769.0,34134.0,500,10:58:49
2019-07-09 10:59:12,4714.4,944633.51934052,3154,32769.0,34134.0,0,10:58:50
2019-07-09 10:59:13,4714.6,944629.6962025317,3160,32768.0,34134.0,500,10:58:50
2019-07-09 10:59:15,4714.6,944629.6962025317,3160,32768.0,34134.0,0,10:58:51
2019-07-09 10:59:15,4714.6,944629.6962025317,3160,32768.0,34134.0,500,10:58:51
2019-07-09 10:59:15,4714.6,944629.6962025317,3160,32768.0,34134.0,500,10:58:52
2019-07-09 10:59:17,4714.6,944629.6962025317,3160,32768.0,34134.0,0,10:58:55
2019-07-09 10:59:20,4714.6,944629.6962025317,3160,32768.0,34134.0,0,10:58:57
2019-07-09 10:59:21,4712.4,944627.0037926675,3164,32764.0,34134.0,500,10:58:58
2019-07-09 10:59:22,4712.2,944626.3127962085,3165,32764.0,34134.0,0,10:58:59
2019-07-09 10:59:22,4712.2,944626.3127962085,3165,32764.0,34134.0,500,10:58:59
2019-07-09 10:59:22,4712.2,944626.3127962085,3165,32764.0,34134.0,0,10:59:00
2019-07-09 10:59:23,4712.2,944626.3127962085,3165,32764.0,34134.0,500,10:59:00
2019-07-09 10:59:24,4712.2,944626.3127962085,3165,32764.0,34134.0,0,10:59:01
2019-07-09 10:59:24,4712.2,944626.3127962085,3165,32764.0,34134.0,500,10:59:01
2019-07-09 10:59:25,4712.2,944626.3127962085,3165,32764.0,34134.0,0,10:59:02
2019-07-09 10:59:27,4712.2,944626.3127962085,3165,32764.0,34134.0,500,10:59:04
2019-07-09 10:59:28,4712.2,944626.3127962085,3165,32764.0,34134.0,0,10:59:05
2019-07-09 10:59:28,4714.4,944625.7612128869,3166,32763.0,34134.0,500,10:59:05
2019-07-09 10:59:28,4714.4,944625.7612128869,3166,32763.0,34134.0,0,10:59:06
2019-07-09 10:59:30,4714.4,944625.7612128869,3166,32763.0,34134.0,500,10:59:06
2019-07-09 10:59:31,4712.2,944622.4282560706,3171,32759.0,34134.0,0,10:59:07
2019-07-09 10:59:31,4712.2,944622.4282560706,3171,32759.0,34134.0,500,10:59:07
2019-07-09 10:59:31,4712.2,944622.4282560706,3171,32759.0,34134.0,0,10:59:08
2019-07-09 10:59:31,4712.2,944622.4282560706,3171,32759.0,34134.0,500,10:59:08
2019-07-09 10:59:31,4712.2,944622.4282560706,3171,32759.0,34134.0,0,10:59:09
2019-07-09 10:59:32,4712.2,944622.4282560706,3171,32759.0,34134.0,500,10:59:09
2019-07-09 10:59:33,4712.0,944621.7276166456,3172,32758.0,34134.0,500,10:59:10
2019-07-09 10:59:34,4712.0,944621.7276166456,3172,32758.0,34134.0,0,10:59:12
2019-07-09 10:59:35,4712.0,944621.7276166456,3172,32758.0,34134.0,0,10:59:13
2019-07-09 10:59:36,4712.0,944620.3276622558,3174,32756.0,34134.0,500,10:59:13
2019-07-09 10:59:37,4712.0,944620.3276622558,3174,32756.0,34134.0,500,10:59:14
2019-07-09 10:59:38,4712.0,944620.3276622558,3174,32756.0,34134.0,0,10:59:15
2019-07-09 10:59:39,4712.0,944620.3276622558,3174,32756.0,34134.0,0,10:59:17
2019-07-09 10:59:40,4712.0,944620.3276622558,3174,32756.0,34134.0,500,10:59:17
2019-07-09 10:59:41,4712.0,944620.3276622558,3174,32756.0,34134.0,0,10:59:18
2019-07-09 10:59:42,4712.0,944620.3276622558,3174,32756.0,34134.0,0,10:59:20
2019-07-09 10:59:43,4712.0,944620.3276622558,3174,32756.0,34134.0,500,10:59:20
2019-07-09 10:59:44,4712.0,944620.3276622558,3174,32756.0,34134.0,0,10:59:22
2019-07-09 10:59:45,4712.0,944620.3276622558,3174,32756.0,34134.0,500,10:59:22
2019-07-09 10:59:47,4712.0,944620.3276622558,3174,32756.0,34134.0,500,10:59:24
2019-07-09 10:59:47,4712.0,944620.3276622558,3174,32756.0,34134.0,0,10:59:25
2019-07-09 10:59:49,4712.0,944620.3276622558,3174,32756.0,34134.0,500,10:59:26
2019-07-09 10:59:49,4712.0,944620.3276622558,3174,32756.0,34134.0,0,10:59:27
2019-07-09 10:59:50,4712.0,944620.3276622558,3174,32756.0,34134.0,500,10:59:27
2019-07-09 10:59:51,4712.0,944620.3276622558,3174,32756.0,34134.0,0,10:59:28
2019-07-09 10:59:51,4712.6,944619.6661417322,3175,32756.0,34134.0,0,10:59:29
2019-07-09 10:59:52,4712.6,944619.6661417322,3175,32756.0,34134.0,500,10:59:29
2019-07-09 10:59:53,4712.6,944619.6661417322,3175,32756.0,34134.0,0,10:59:30
2019-07-09 10:59:55,4712.6,944619.6661417322,3175,32756.0,34134.0,500,10:59:32
2019-07-09 10:59:58,4712.6,944619.6661417322,3175,32756.0,34134.0,0,10:59:36
2019-07-09 10:59:59,4712.6,944619.6661417322,3175,32756.0,34134.0,500,10:59:36
2019-07-09 10:59:59,4712.6,944619.6661417322,3175,32756.0,34134.0,0,10:59:37
2019-07-09 11:00:00,4712.6,944619.6661417322,3175,32756.0,34134.0,500,10:59:37
2019-07-09 11:00:01,4712.6,944619.6661417322,3175,32756.0,34134.0,500,10:59:38
2019-07-09 11:00:04,4712.6,944619.0050377834,3176,32756.0,34134.0,500,10:59:40
2019-07-09 11:00:04,4712.6,944619.0050377834,3176,32756.0,34134.0,500,10:59:41
2019-07-09 11:00:04,4712.6,944619.0050377834,3176,32756.0,34134.0,0,10:59:42
2019-07-09 11:00:05,4712.6,944619.0050377834,3176,32756.0,34134.0,500,10:59:42
2019-07-09 11:00:07,4712.6,944619.0050377834,3176,32756.0,34134.0,500,10:59:44
2019-07-09 11:00:07,4712.6,944619.0050377834,3176,32756.0,34134.0,0,10:59:45
2019-07-09 11:00:08,4712.6,944619.0050377834,3176,32756.0,34134.0,500,10:59:45
2019-07-09 11:00:09,4714.6,944617.9358086847,3178,32757.0,34134.0,0,10:59:46
2019-07-09 11:00:10,4714.6,944617.9358086847,3178,32757.0,34134.0,500,10:59:46
2019-07-09 11:00:10,4715.6,944617.4646115131,3179,32757.0,34134.0,0,10:59:47
2019-07-09 11:00:10,4715.6,944617.4646115131,3179,32757.0,34134.0,500,10:59:47
2019-07-09 11:00:11,4715.0,944615.9396605908,3182,32755.0,34134.0,0,10:59:48
2019-07-09 11:00:11,4715.0,944615.9396605908,3182,32755.0,34134.0,500,10:59:48
2019-07-09 11:00:11,4715.0,944615.9396605908,3182,32755.0,34134.0,0,10:59:49
2019-07-09 11:00:12,4715.0,944615.9396605908,3182,32755.0,34134.0,0,10:59:50
2019-07-09 11:00:14,4715.0,944615.9396605908,3182,32755.0,34134.0,500,10:59:51
2019-07-09 11:00:15,4715.0,944615.9396605908,3182,32755.0,34134.0,0,10:59:52
2019-07-09 11:00:15,4715.0,944615.9396605908,3182,32755.0,34134.0,500,10:59:52
2019-07-09 11:00:15,4715.0,944615.9396605908,3182,32755.0,34134.0,0,10:59:53
2019-07-09 11:00:17,4715.0,944615.9396605908,3182,32755.0,34134.0,500,10:59:53
2019-07-09 11:00:17,4715.0,944615.9396605908,3182,32755.0,34134.0,0,10:59:54
2019-07-09 11:00:17,4716.0,944615.4948162112,3183,32756.0,34134.0,500,10:59:54
2019-07-09 11:00:19,4715.0,944614.987437186,3184,32756.0,34134.0,500,10:59:56
2019-07-09 11:00:19,4716.2,944614.5557299843,3185,32756.0,34134.0,0,10:59:57
2019-07-09 11:00:20,4714.6,944613.5927204267,3187,32756.0,34134.0,500,10:59:57
2019-07-09 11:00:20,4714.6,944613.5927204267,3187,32756.0,34134.0,0,10:59:58
2019-07-09 11:00:21,4714.6,944613.0614805521,3188,32757.0,34134.0,500,10:59:58
2019-07-09 11:00:21,4714.2,944612.5054876137,3189,32757.0,34134.0,0,10:59:59
2019-07-09 11:00:22,4715.8,944612.0501567398,3190,32757.0,34134.0,500,10:59:59
2019-07-09 11:00:22,4715.8,944612.0501567398,3190,32757.0,34134.0,0,11:00:00
2019-07-09 11:00:23,4715.8,944612.0501567398,3190,32757.0,34134.0,500,11:00:00
2019-07-09 11:00:23,4715.0,944611.5449702288,3191,32757.0,34134.0,0,11:00:01
2019-07-09 11:00:24,4715.6,944611.0776942356,3192,32757.0,34134.0,500,11:00:01
2019-07-09 11:00:24,4715.6,944611.0776942356,3192,32757.0,34134.0,0,11:00:02
2019-07-09 11:00:25,4715.6,944611.0776942356,3192,32757.0,34134.0,500,11:00:02
2019-07-09 11:00:26,4715.6,944611.0776942356,3192,32757.0,34134.0,0,11:00:03
2019-07-09 11:00:26,4715.6,944611.0776942356,3192,32757.0,34134.0,500,11:00:03
2019-07-09 11:00:26,4715.6,944611.0776942356,3192,32757.0,34134.0,0,11:00:04
2019-07-09 11:00:27,4715.6,944611.0776942356,3192,32757.0,34134.0,500,11:00:04
2019-07-09 11:00:28,4712.6,944610.4227998747,3193,32758.0,34134.0,500,11:00:05
2019-07-09 11:00:29,4712.0,944609.7307451471,3194,32759.0,34134.0,500,11:00:06
2019-07-09 11:00:30,4712.0,944609.7307451471,3194,32759.0,34134.0,0,11:00:07
2019-07-09 11:00:30,4712.0,944609.7307451471,3194,32759.0,34134.0,500,11:00:07
2019-07-09 11:00:32,4712.0,944609.7307451471,3194,32759.0,34134.0,500,11:00:08
2019-07-09 11:00:32,4712.0,944609.7307451471,3194,32759.0,34134.0,0,11:00:09
2019-07-09 11:00:33,4713.0,944609.1017214397,3195,32760.0,34134.0,500,11:00:10
2019-07-09 11:00:34,4713.2,944608.4856070088,3196,32760.0,34134.0,0,11:00:11
2019-07-09 11:00:34,4714.8,944607.3545966229,3198,32760.0,34134.0,500,11:00:11
2019-07-09 11:00:35,4714.8,944607.3545966229,3198,32760.0,34134.0,0,11:00:12
2019-07-09 11:00:35,4714.8,944607.3545966229,3198,32760.0,34134.0,500,11:00:12
2019-07-09 11:00:36,4714.8,944607.3545966229,3198,32760.0,34134.0,500,11:00:13
2019-07-09 11:00:37,4714.8,944607.3545966229,3198,32760.0,34134.0,0,11:00:14
2019-07-09 11:00:37,4714.8,944607.3545966229,3198,32760.0,34134.0,500,11:00:14
2019-07-09 11:00:37,4715.2,944603.0068621335,3206,32759.0,34134.0,0,11:00:15
2019-07-09 11:00:38,4715.2,944600.5730302087,3211,32762.0,34134.0,500,11:00:15
2019-07-09 11:00:38,4715.2,944600.5730302087,3211,32762.0,34134.0,0,11:00:16
2019-07-09 11:00:39,4714.6,944600.0498132005,3212,32762.0,34134.0,500,11:00:16
2019-07-09 11:00:44,4713.2,944599.4397759103,3213,32761.0,34134.0,0,11:00:21
2019-07-09 11:00:44,4714.8,944596.4449968925,3218,32759.0,34134.0,500,11:00:21
2019-07-09 11:00:44,4714.8,944596.4449968925,3218,32759.0,34134.0,0,11:00:22
2019-07-09 11:00:45,4714.8,944596.4449968925,3218,32759.0,34134.0,500,11:00:22
2019-07-09 11:00:45,4714.8,944596.4449968925,3218,32759.0,34134.0,0,11:00:23
2019-07-09 11:00:46,4713.4,944595.8496427462,3219,32759.0,34134.0,500,11:00:23
2019-07-09 11:00:47,4713.4,944595.8496427462,3219,32759.0,34134.0,0,11:00:24
2019-07-09 11:00:47,4713.4,944595.8496427462,3219,32759.0,34134.0,500,11:00:24
2019-07-09 11:00:47,4713.4,944595.8496427462,3219,32759.0,34134.0,0,11:00:25
2019-07-09 11:00:48,4713.4,944595.8496427462,3219,32759.0,34134.0,500,11:00:25
2019-07-09 11:00:49,4713.4,944595.8496427462,3219,32759.0,34134.0,0,11:00:27
2019-07-09 11:00:50,4713.4,944595.8496427462,3219,32759.0,34134.0,500,11:00:27
2019-07-09 11:00:50,4711.6,944592.3200992555,3224,32755.0,34134.0,0,11:00:28
2019-07-09 11:00:51,4711.6,944592.3200992555,3224,32755.0,34134.0,500,11:00:28
2019-07-09 11:00:51,4711.6,944592.3200992555,3224,32755.0,34134.0,0,11:00:29
2019-07-09 11:00:53,4711.6,944592.3200992555,3224,32755.0,34134.0,500,11:00:29
2019-07-09 11:00:53,4711.6,944592.3200992555,3224,32755.0,34134.0,500,11:00:30
2019-07-09 11:00:55,4711.6,944592.3200992555,3224,32755.0,34134.0,0,11:00:32
2019-07-09 11:00:55,4712.0,944591.6403100775,3225,32755.0,34134.0,500,11:00:32
2019-07-09 11:00:56,4712.0,944591.6403100775,3225,32755.0,34134.0,0,11:00:33
2019-07-09 11:00:57,4712.0,944591.6403100775,3225,32755.0,34134.0,500,11:00:33
2019-07-09 11:00:59,4712.0,944591.6403100775,3225,32755.0,34134.0,0,11:00:37
2019-07-09 11:01:02,4712.0,944591.6403100775,3225,32755.0,34134.0,0,11:00:39
2019-07-09 11:01:06,4712.0,944591.6403100775,3225,32755.0,34134.0,500,11:00:43
2019-07-09 11:01:07,4712.0,944591.6403100775,3225,32755.0,34134.0,0,11:00:45
2019-07-09 11:01:11,4712.0,944591.6403100775,3225,32755.0,34134.0,0,11:00:49
2019-07-09 11:01:16,4712.0,944591.6403100775,3225,32755.0,34134.0,0,11:00:51
2019-07-09 11:01:16,4712.0,944591.6403100775,3225,32755.0,34134.0,0,11:00:53
2019-07-09 11:01:17,4710.6,944586.2871287129,3232,32759.0,34134.0,500,11:00:53
2019-07-09 11:01:17,4710.2,944584.7247990106,3234,32758.0,34134.0,0,11:00:54
2019-07-09 11:01:18,4710.4,944580.8335906144,3239,32756.0,34134.0,500,11:00:54
2019-07-09 11:01:18,4710.4,944580.8335906144,3239,32756.0,34134.0,0,11:00:55
2019-07-09 11:01:18,4710.4,944580.8335906144,3239,32756.0,34134.0,500,11:00:55
2019-07-09 11:01:18,4710.4,944580.8335906144,3239,32756.0,34134.0,0,11:00:56
2019-07-09 11:01:19,4710.4,944580.8335906144,3239,32756.0,34134.0,500,11:00:56
2019-07-09 11:01:20,4710.4,944580.8335906144,3239,32756.0,34134.0,0,11:00:57
2019-07-09 11:01:20,4710.4,944580.8335906144,3239,32756.0,34134.0,500,11:00:57
2019-07-09 11:01:20,4710.2,944577.7119950663,3243,32753.0,34134.0,0,11:00:58
2019-07-09 11:01:21,4710.4,944576.9420468557,3244,32752.0,34134.0,500,11:00:58
2019-07-09 11:01:22,4710.4,944576.9420468557,3244,32752.0,34134.0,0,11:00:59
2019-07-09 11:01:22,4710.4,944576.9420468557,3244,32752.0,34134.0,500,11:00:59
2019-07-09 11:01:22,4710.4,944576.9420468557,3244,32752.0,34134.0,0,11:01:00
2019-07-09 11:01:23,4710.4,944576.9420468557,3244,32752.0,34134.0,500,11:01:00
2019-07-09 11:01:24,4710.4,944576.9420468557,3244,32752.0,34134.0,500,11:01:01
2019-07-09 11:01:25,4710.4,944576.9420468557,3244,32752.0,34134.0,0,11:01:02
2019-07-09 11:01:25,4710.4,944576.9420468557,3244,32752.0,34134.0,500,11:01:02
2019-07-09 11:01:25,4710.4,944576.9420468557,3244,32752.0,34134.0,0,11:01:03
2019-07-09 11:01:31,4710.4,944576.9420468557,3244,32752.0,34134.0,500,11:01:08
2019-07-09 11:01:33,4710.4,944576.9420468557,3244,32752.0,34134.0,500,11:01:10
2019-07-09 11:01:33,4710.4,944576.9420468557,3244,32752.0,34134.0,0,11:01:11
2019-07-09 11:01:34,4710.4,944576.9420468557,3244,32752.0,34134.0,500,11:01:11
2019-07-09 11:01:37,4710.4,944576.9420468557,3244,32752.0,34134.0,0,11:01:14
2019-07-09 11:01:37,4711.0,944576.2095531587,3245,32753.0,34134.0,500,11:01:14
2019-07-09 11:01:38,4711.0,944576.2095531587,3245,32753.0,34134.0,500,11:01:15
2019-07-09 11:01:39,4710.0,944571.5041525684,3251,32750.0,34134.0,500,11:01:16
2019-07-09 11:01:39,4710.0,944571.5041525684,3251,32750.0,34134.0,0,11:01:17
2019-07-09 11:01:40,4710.0,944571.5041525684,3251,32750.0,34134.0,500,11:01:17
2019-07-09 11:01:40,4708.0,944570.5904059041,3252,32750.0,34134.0,0,11:01:18
2019-07-09 11:01:41,4707.8,944569.6649246849,3253,32750.0,34134.0,500,11:01:18
2019-07-09 11:01:42,4708.4,944566.9778869778,3256,32748.0,34134.0,500,11:01:19
2019-07-09 11:01:42,4709.2,944564.369438478,3259,32748.0,34134.0,0,11:01:20
2019-07-09 11:01:43,4709.2,944564.369438478,3259,32748.0,34134.0,500,11:01:20
2019-07-09 11:01:43,4709.2,944564.369438478,3259,32748.0,34134.0,0,11:01:21
2019-07-09 11:01:44,4709.2,944564.369438478,3259,32748.0,34134.0,500,11:01:21
2019-07-09 11:01:45,4709.2,944564.369438478,3259,32748.0,34134.0,500,11:01:22
2019-07-09 11:01:45,4709.2,944564.369438478,3259,32748.0,34134.0,0,11:01:23
2019-07-09 11:01:47,4709.2,944564.369438478,3259,32748.0,34134.0,0,11:01:24
2019-07-09 11:01:47,4709.2,944564.369438478,3259,32748.0,34134.0,500,11:01:24
2019-07-09 11:01:49,4708.6,944561.8025751073,3262,32747.0,34134.0,500,11:01:25
2019-07-09 11:01:49,4707.2,944559.0076569678,3265,32747.0,34134.0,500,11:01:26
2019-07-09 11:01:49,4707.2,944559.0076569678,3265,32747.0,34134.0,0,11:01:27
2019-07-09 11:01:51,4707.2,944559.0076569678,3265,32747.0,34134.0,500,11:01:27
2019-07-09 11:01:51,4707.6,944557.1472298745,3267,32746.0,34134.0,500,11:01:28
2019-07-09 11:01:53,4707.8,944554.3241590214,3270,32745.0,34134.0,500,11:01:29
2019-07-09 11:01:53,4708.0,944553.4209721797,3271,32745.0,34134.0,0,11:01:30
2019-07-09 11:01:53,4710.0,944548.7458040891,3277,32740.0,34134.0,500,11:01:30
2019-07-09 11:01:54,4707.0,944544.0097501524,3282,32736.0,34134.0,500,11:01:31
2019-07-09 11:01:55,4707.0,944544.0097501524,3282,32736.0,34134.0,500,11:01:32
2019-07-09 11:01:56,4707.0,944544.0097501524,3282,32736.0,34134.0,0,11:01:33
2019-07-09 11:01:56,4707.0,944543.0520865063,3283,32737.0,34134.0,500,11:01:33
2019-07-09 11:01:56,4707.0,944542.0950060901,3284,32737.0,34134.0,0,11:01:34
2019-07-09 11:01:58,4707.0,944542.0950060901,3284,32737.0,34134.0,0,11:01:35
2019-07-09 11:01:58,4707.0,944541.1385083714,3285,32736.0,34134.0,500,11:01:35
2019-07-09 11:01:58,4707.0,944541.1385083714,3285,32736.0,34134.0,0,11:01:36
2019-07-09 11:01:59,4707.0,944541.1385083714,3285,32736.0,34134.0,0,11:01:37
2019-07-09 11:02:00,4707.0,944540.182592818,3286,32736.0,34134.0,500,11:01:37
2019-07-09 11:02:00,4707.0,944539.2272588987,3287,32737.0,34134.0,0,11:01:38
2019-07-09 11:02:01,4707.0,944539.2272588987,3287,32737.0,34134.0,0,11:01:39
2019-07-09 11:02:02,4707.8,944533.9568782265,3293,32738.0,34134.0,500,11:01:39
2019-07-09 11:02:02,4708.8,944533.1147540984,3294,32738.0,34134.0,0,11:01:40
2019-07-09 11:02:04,4708.8,944533.1147540984,3294,32738.0,34134.0,0,11:01:41
2019-07-09 11:02:04,4709.2,944532.2974203338,3295,32737.0,34134.0,500,11:01:41
2019-07-09 11:02:04,4709.2,944532.2974203338,3295,32737.0,34134.0,0,11:01:42
2019-07-09 11:02:05,4709.2,944532.2974203338,3295,32737.0,34134.0,500,11:01:42
2019-07-09 11:02:06,4708.4,944531.4320388349,3296,32737.0,34134.0,500,11:01:43
2019-07-09 11:02:08,4707.8,944529.6543359612,3298,32738.0,34134.0,500,11:01:44
2019-07-09 11:02:08,4707.8,944529.6543359612,3298,32738.0,34134.0,500,11:01:45
2019-07-09 11:02:09,4707.6,944527.0039382005,3301,32736.0,34134.0,500,11:01:46
2019-07-09 11:02:10,4707.6,944527.0039382005,3301,32736.0,34134.0,500,11:01:47
2019-07-09 11:02:10,4707.6,944527.0039382005,3301,32736.0,34134.0,0,11:01:48
2019-07-09 11:02:11,4707.6,944527.0039382005,3301,32736.0,34134.0,500,11:01:48
2019-07-09 11:02:12,4708.8,944526.1659600242,3302,32735.0,34134.0,0,11:01:49
2019-07-09 11:02:12,4708.8,944526.1659600242,3302,32735.0,34134.0,500,11:01:49
2019-07-09 11:02:13,4708.8,944526.1659600242,3302,32735.0,34134.0,500,11:01:50
2019-07-09 11:02:14,4708.8,944526.1659600242,3302,32735.0,34134.0,500,11:01:51
2019-07-09 11:02:15,4708.8,944526.1659600242,3302,32735.0,34134.0,0,11:01:52
2019-07-09 11:02:16,4708.8,944524.4915254237,3304,32733.0,34134.0,0,11:01:54
2019-07-09 11:02:18,4708.8,944524.4915254237,3304,32733.0,34134.0,0,11:01:55
2019-07-09 11:02:18,4708.4,944523.6308623299,3305,32733.0,34134.0,500,11:01:55
2019-07-09 11:02:18,4708.4,944523.6308623299,3305,32733.0,34134.0,0,11:01:56
2019-07-09 11:02:20,4708.4,944521.9231932265,3307,32732.0,34134.0,0,11:01:57
2019-07-09 11:02:20,4708.8,944518.4778012685,3311,32729.0,34134.0,500,11:01:57
2019-07-09 11:02:21,4708.6,944517.6328502415,3312,32729.0,34134.0,500,11:01:58
2019-07-09 11:02:21,4708.6,944517.6328502415,3312,32729.0,34134.0,0,11:01:59
2019-07-09 11:02:22,4708.2,944516.7642619982,3313,32729.0,34134.0,0,11:02:00
2019-07-09 11:02:24,4708.4,944515.9082679541,3314,32728.0,34134.0,500,11:02:01
2019-07-09 11:02:25,4708.4,944514.1978287093,3316,32726.0,34134.0,0,11:02:02
2019-07-09 11:02:25,4708.4,944514.1978287093,3316,32726.0,34134.0,500,11:02:02
2019-07-09 11:02:25,4708.4,944514.1978287093,3316,32726.0,34134.0,0,11:02:03
