2019-07-08 21:15:12,4015.0,40080.35197598799,299850,2426958.0,2400964.0,0,21:16:35
2019-07-08 21:15:12,4014.0,40080.35283838135,299854,2426958.0,2400964.0,500,21:16:35
2019-07-08 21:15:12,4014.0,40080.35734770372,299876,2426940.0,2400964.0,0,21:16:36
2019-07-08 21:15:13,4014.0,40080.36344721346,299906,2426914.0,2400964.0,500,21:16:36
2019-07-08 21:15:13,4014.0,40080.36344721346,299906,2426914.0,2400964.0,0,21:16:37
2019-07-08 21:15:14,4014.0,40080.369014516524,299934,2426896.0,2400964.0,500,21:16:37
2019-07-08 21:15:14,4014.0,40080.37345477337,299956,2426888.0,2400964.0,0,21:16:38
2019-07-08 21:15:15,4015.0,40080.38485640383,300008,2426902.0,2400964.0,500,21:16:38
2019-07-08 21:15:15,4014.0,40080.38611531462,300014,2426908.0,2400964.0,0,21:16:39
2019-07-08 21:15:16,4014.0,40080.38651271932,300016,2426910.0,2400964.0,500,21:16:39
2019-07-08 21:15:16,4015.0,40080.38744083728,300020,2426914.0,2400964.0,0,21:16:40
2019-07-08 21:15:17,4015.0,40080.388368930486,300024,2426914.0,2400964.0,500,21:16:40
2019-07-08 21:15:17,4014.0,40080.39009172355,300032,2426916.0,2400964.0,0,21:16:41
2019-07-08 21:15:18,4014.0,40080.39207844235,300042,2426920.0,2400964.0,500,21:16:41
2019-07-08 21:15:19,4014.0,40080.39466229412,300054,2426926.0,2400964.0,0,21:16:42
2019-07-08 21:15:19,4014.0,40080.43476233614,300256,2427108.0,2400964.0,500,21:16:42
2019-07-08 21:15:19,4014.0,40080.43654917007,300264,2427110.0,2400964.0,0,21:16:43
2019-07-08 21:15:20,4014.0,40080.43734264057,300268,2427110.0,2400964.0,500,21:16:43
2019-07-08 21:15:21,4015.0,40080.439526039205,300278,2427110.0,2400964.0,0,21:16:44
2019-07-08 21:15:21,4015.0,40080.44131261531,300286,2427110.0,2400964.0,500,21:16:44
2019-07-08 21:15:22,4015.0,40080.447731374494,300314,2427094.0,2400964.0,0,21:16:45
2019-07-08 21:15:22,4014.0,40080.4489877464,300320,2427098.0,2400964.0,500,21:16:45
2019-07-08 21:15:22,4014.0,40080.4489877464,300320,2427098.0,2400964.0,0,21:16:46
2019-07-08 21:15:23,4014.0,40080.485451108805,300504,2427236.0,2400964.0,500,21:16:46
2019-07-08 21:15:24,4014.0,40080.485451108805,300504,2427236.0,2400964.0,0,21:16:47
2019-07-08 21:15:24,4014.0,40080.48703545948,300512,2427242.0,2400964.0,500,21:16:47
2019-07-08 21:15:25,4014.0,40080.48703545948,300512,2427242.0,2400964.0,0,21:16:48
2019-07-08 21:15:25,4014.0,40080.49772762055,300566,2427284.0,2400964.0,500,21:16:48
2019-07-08 21:15:27,4014.0,40080.52186984516,300688,2427312.0,2400964.0,500,21:16:49
2019-07-08 21:15:27,4014.0,40080.53057207081,300732,2427292.0,2400964.0,0,21:16:50
2019-07-08 21:15:27,4014.0,40080.538085580345,300770,2427300.0,2400964.0,500,21:16:50
2019-07-08 21:15:27,4015.0,40080.540790339845,300782,2427292.0,2400964.0,0,21:16:51
2019-07-08 21:15:28,4014.0,40080.54428553381,300798,2427294.0,2400964.0,500,21:16:51
2019-07-08 21:15:28,4015.0,40080.545999747344,300806,2427290.0,2400964.0,0,21:16:52
2019-07-08 21:15:29,4015.0,40080.545999747344,300806,2427290.0,2400964.0,500,21:16:52
2019-07-08 21:15:30,4014.0,40080.54843792592,300818,2427298.0,2400964.0,0,21:16:53
2019-07-08 21:15:30,4014.0,40080.548833189285,300820,2427300.0,2400964.0,500,21:16:53
2019-07-08 21:15:31,4015.0,40080.550480673344,300828,2427302.0,2400964.0,0,21:16:54
2019-07-08 21:15:31,4014.0,40080.551337623656,300832,2427302.0,2400964.0,500,21:16:54
2019-07-08 21:15:31,4015.0,40080.55219455119,300836,2427304.0,2400964.0,0,21:16:55
2019-07-08 21:15:32,4014.0,40080.5529849754,300840,2427308.0,2400964.0,500,21:16:55
2019-07-08 21:15:32,4014.0,40080.560888061686,300880,2427342.0,2400964.0,0,21:16:56
2019-07-08 21:15:33,4014.0,40080.59607488805,301036,2427342.0,2400964.0,0,21:16:57
2019-07-08 21:15:34,4015.0,40080.59923600731,301050,2427344.0,2400964.0,500,21:16:57
2019-07-08 21:15:34,4015.0,40080.61438116872,301116,2427406.0,2400964.0,0,21:16:58
2019-07-08 21:15:35,4015.0,40080.644717973235,301248,2427406.0,2400964.0,500,21:16:58
2019-07-08 21:15:35,4014.0,40080.64550608792,301252,2427408.0,2400964.0,0,21:16:59
2019-07-08 21:15:36,4014.0,40080.65142060542,301280,2427406.0,2400964.0,500,21:16:59
2019-07-08 21:15:36,4014.0,40080.65635143477,301302,2427396.0,2400964.0,0,21:17:00
2019-07-08 21:15:37,4014.0,40080.65950696279,301316,2427408.0,2400964.0,500,21:17:00
2019-07-08 21:15:37,4015.0,40080.661148796644,301324,2427412.0,2400964.0,0,21:17:01
2019-07-08 21:15:38,4015.0,40080.66863551898,301360,2427432.0,2400964.0,500,21:17:01
2019-07-08 21:15:38,4015.0,40080.675660431196,301394,2427438.0,2400964.0,0,21:17:02
2019-07-08 21:15:39,4014.0,40080.679596833594,301414,2427430.0,2400964.0,500,21:17:02
2019-07-08 21:15:40,4014.0,40080.69345486871,301476,2427406.0,2400964.0,0,21:17:03
2019-07-08 21:15:40,4015.0,40080.70454485156,301528,2427412.0,2400964.0,500,21:17:03
2019-07-08 21:15:41,4014.0,40080.705331440775,301532,2427410.0,2400964.0,0,21:17:04
2019-07-08 21:15:41,4015.0,40080.71452256841,301572,2427436.0,2400964.0,500,21:17:04
2019-07-08 21:15:41,4014.0,40080.73643873397,301668,2427372.0,2400964.0,0,21:17:05
2019-07-08 21:15:42,4015.0,40080.79358770535,301920,2427202.0,2400964.0,500,21:17:05
2019-07-08 21:15:42,4015.0,40080.79489676278,301926,2427202.0,2400964.0,0,21:17:06
2019-07-08 21:15:43,4015.0,40080.79489676278,301926,2427202.0,2400964.0,500,21:17:06
2019-07-08 21:15:43,4014.0,40080.79528894306,301928,2427202.0,2400964.0,0,21:17:07
2019-07-08 21:15:44,4015.0,40080.79934293322,301948,2427194.0,2400964.0,500,21:17:07
2019-07-08 21:15:45,4015.0,40080.802092992446,301960,2427194.0,2400964.0,0,21:17:08
2019-07-08 21:15:45,4015.0,40080.80431830977,301970,2427188.0,2400964.0,500,21:17:08
2019-07-08 21:15:45,4015.0,40080.80890095699,301990,2427190.0,2400964.0,0,21:17:09
2019-07-08 21:15:46,4015.0,40080.81419527442,302016,2427194.0,2400964.0,500,21:17:09
2019-07-08 21:15:47,4014.0,40080.814587210036,302018,2427194.0,2400964.0,0,21:17:10
2019-07-08 21:15:47,4015.0,40080.81550350637,302022,2427198.0,2400964.0,500,21:17:10
2019-07-08 21:15:47,4016.0,40080.90819511679,302424,2427104.0,2400964.0,0,21:17:11
2019-07-08 21:15:48,4016.0,40080.909631980954,302430,2427106.0,2400964.0,500,21:17:11
2019-07-08 21:15:48,4016.0,40080.9111349178,302436,2427106.0,2400964.0,0,21:17:12
2019-07-08 21:15:49,4015.0,40080.91296239965,302444,2427110.0,2400964.0,500,21:17:12
2019-07-08 21:15:49,4016.0,40080.919556190325,302472,2427100.0,2400964.0,0,21:17:13
2019-07-08 21:15:50,4015.0,40080.92197221653,302482,2427096.0,2400964.0,500,21:17:13
2019-07-08 21:15:50,4015.0,40080.93470485962,302534,2427074.0,2400964.0,0,21:17:14
2019-07-08 21:15:51,4015.0,40080.99104217313,302752,2427020.0,2400964.0,500,21:17:14
2019-07-08 21:15:51,4015.0,40080.99514482941,302770,2427010.0,2400964.0,0,21:17:15
2019-07-08 21:15:52,4016.0,40081.11944285064,303258,2426894.0,2400964.0,500,21:17:15
2019-07-08 21:15:52,4015.0,40081.12489366332,303282,2426904.0,2400964.0,0,21:17:16
2019-07-08 21:15:53,4016.0,40081.14380463878,303356,2426968.0,2400964.0,500,21:17:16
2019-07-08 21:15:53,4015.0,40081.15619129231,303410,2426966.0,2400964.0,0,21:17:17
2019-07-08 21:15:54,4015.0,40081.17898635246,303498,2426990.0,2400964.0,500,21:17:17
2019-07-08 21:15:54,4015.0,40081.18689297998,303532,2426994.0,2400964.0,0,21:17:18
2019-07-08 21:15:55,4016.0,40081.188838373855,303540,2426994.0,2400964.0,500,21:17:18
2019-07-08 21:15:55,4016.0,40081.204471643796,303602,2427010.0,2400964.0,0,21:17:19
2019-07-08 21:15:56,4015.0,40081.20926678568,303622,2427020.0,2400964.0,0,21:17:20
2019-07-08 21:15:57,4015.0,40081.21606312489,303652,2427034.0,2400964.0,500,21:17:20
2019-07-08 21:15:57,4016.0,40081.26986112025,303860,2426988.0,2400964.0,0,21:17:21
2019-07-08 21:15:58,4015.0,40081.28766492284,303930,2427018.0,2400964.0,500,21:17:21
2019-07-08 21:15:58,4015.0,40081.29096149291,303944,2427012.0,2400964.0,0,21:17:22
2019-07-08 21:15:59,4015.0,40081.292449416025,303950,2427010.0,2400964.0,500,21:17:22
2019-07-08 21:15:59,4016.0,40081.29549088373,303962,2427006.0,2400964.0,0,21:17:23
2019-07-08 21:16:00,4015.0,40081.30091517373,303986,2427002.0,2400964.0,500,21:17:23
2019-07-08 21:16:00,4016.0,40081.302468486014,303992,2427006.0,2400964.0,0,21:17:24
2019-07-08 21:16:01,4015.0,40081.362572638114,304248,2426868.0,2400964.0,0,21:17:25
2019-07-08 21:16:02,4015.0,40081.41558330651,304454,2426870.0,2400964.0,500,21:17:25
2019-07-08 21:16:03,4016.0,40081.462351473776,304660,2426920.0,2400964.0,500,21:17:26
2019-07-08 21:16:03,4015.0,40081.49938977179,304804,2426836.0,2400964.0,0,21:17:27
2019-07-08 21:16:04,4016.0,40081.51425891059,304862,2426842.0,2400964.0,500,21:17:27
2019-07-08 21:16:04,4016.0,40081.51889267909,304880,2426838.0,2400964.0,0,21:17:28
2019-07-08 21:16:05,4016.0,40081.57515568666,305100,2426904.0,2400964.0,500,21:17:28
2019-07-08 21:16:05,4016.0,40081.57810902226,305112,2426914.0,2400964.0,0,21:17:29
2019-07-08 21:16:06,4015.0,40081.614110031514,305258,2426952.0,2400964.0,500,21:17:29
2019-07-08 21:16:06,4016.0,40081.61648125581,305268,2426950.0,2400964.0,0,21:17:30
2019-07-08 21:16:07,4016.0,40081.642379508405,305374,2427010.0,2400964.0,500,21:17:30
2019-07-08 21:16:07,4015.0,40081.72189546546,305698,2427128.0,2400964.0,0,21:17:31
2019-07-08 21:16:08,4017.0,40081.7540842086,305812,2427084.0,2400964.0,500,21:17:31
2019-07-08 21:16:08,4017.0,40081.77446352212,305884,2427084.0,2400964.0,0,21:17:32
2019-07-08 21:16:09,4017.0,40081.78278862687,305914,2427072.0,2400964.0,500,21:17:32
2019-07-08 21:16:09,4017.0,40081.79720489992,305964,2427024.0,2400964.0,0,21:17:33
2019-07-08 21:16:10,4017.0,40081.79982612902,305974,2427028.0,2400964.0,500,21:17:33
2019-07-08 21:16:11,4016.0,40081.813464391445,306022,2427034.0,2400964.0,0,21:17:34
2019-07-08 21:16:11,4016.0,40082.04971979669,306920,2427022.0,2400964.0,0,21:17:35
2019-07-08 21:16:12,4015.0,40082.182754986534,307428,2427132.0,2400964.0,500,21:17:35
2019-07-08 21:16:12,4016.0,40082.186623818474,307442,2427130.0,2400964.0,0,21:17:36
2019-07-08 21:16:13,4016.0,40082.22654980038,307588,2427162.0,2400964.0,500,21:17:36
2019-07-08 21:16:13,4016.0,40082.249234589406,307678,2427158.0,2400964.0,0,21:17:37
2019-07-08 21:16:14,4016.0,40082.274431570804,307778,2427162.0,2400964.0,500,21:17:37
2019-07-08 21:16:14,4017.0,40082.27752688521,307790,2427172.0,2400964.0,0,21:17:38
2019-07-08 21:16:15,4016.0,40082.39042402689,308188,2427490.0,2400964.0,500,21:17:38
2019-07-08 21:16:16,4016.0,40082.39344581441,308200,2427490.0,2400964.0,0,21:17:39
2019-07-08 21:16:16,4017.0,40082.42499724314,308322,2427488.0,2400964.0,500,21:17:39
2019-07-08 21:16:17,4017.0,40082.47098715006,308484,2427602.0,2400964.0,0,21:17:40
2019-07-08 21:16:17,4016.0,40082.49795839004,308580,2427670.0,2400964.0,500,21:17:40
2019-07-08 21:16:17,4016.0,40082.55061725197,308788,2427758.0,2400964.0,0,21:17:41
2019-07-08 21:16:18,4016.0,40082.55218689482,308794,2427758.0,2400964.0,500,21:17:41
2019-07-08 21:16:18,4017.0,40082.55840009326,308818,2427748.0,2400964.0,0,21:17:42
2019-07-08 21:16:19,4017.0,40082.567831841785,308852,2427738.0,2400964.0,500,21:17:42
2019-07-08 21:16:19,4017.0,40082.570031729585,308860,2427744.0,2400964.0,0,21:17:43
2019-07-08 21:16:20,4017.0,40082.712532809244,309364,2428170.0,2400964.0,500,21:17:43
2019-07-08 21:16:20,4017.0,40082.84288600698,309826,2428582.0,2400964.0,0,21:17:44
2019-07-08 21:16:21,4017.0,40082.84946167153,309848,2428596.0,2400964.0,500,21:17:44
2019-07-08 21:16:22,4018.0,40082.89352120672,309996,2428662.0,2400964.0,500,21:17:45
2019-07-08 21:16:23,4018.0,40083.29862204092,311330,2428902.0,2400964.0,500,21:17:46
2019-07-08 21:16:23,4018.0,40083.445004618225,311808,2429168.0,2400964.0,0,21:17:47
2019-07-08 21:16:24,4018.0,40083.48073914493,311928,2429182.0,2400964.0,500,21:17:47
2019-07-08 21:16:25,4017.0,40083.55345267231,312164,2429348.0,2400964.0,0,21:17:48
2019-07-08 21:16:25,4018.0,40083.587572611585,312278,2429304.0,2400964.0,500,21:17:48
2019-07-08 21:16:25,4018.0,40083.61241124081,312362,2429318.0,2400964.0,0,21:17:49
2019-07-08 21:16:26,4018.0,40083.654731048606,312510,2429346.0,2400964.0,500,21:17:49
2019-07-08 21:16:26,4018.0,40083.691449481186,312636,2429418.0,2400964.0,0,21:17:50
2019-07-08 21:16:27,4017.0,40083.74889721395,312844,2429446.0,2400964.0,500,21:17:50
2019-07-08 21:16:27,4017.0,40083.76598722939,312906,2429490.0,2400964.0,0,21:17:51
2019-07-08 21:16:28,4017.0,40083.84509281787,313194,2429548.0,2400964.0,0,21:17:52
2019-07-08 21:16:29,4017.0,40083.858231016275,313242,2429540.0,2400964.0,500,21:17:52
2019-07-08 21:16:29,4017.0,40083.8647028404,313266,2429540.0,2400964.0,0,21:17:53
2019-07-08 21:16:30,4017.0,40083.9108073789,313434,2429640.0,2400964.0,500,21:17:53
2019-07-08 21:16:30,4017.0,40083.921115761535,313472,2429620.0,2400964.0,0,21:17:54
2019-07-08 21:16:31,4017.0,40084.002804602096,313770,2429492.0,2400964.0,500,21:17:54
2019-07-08 21:16:31,4016.0,40084.04774039013,313948,2429588.0,2400964.0,0,21:17:55
2019-07-08 21:16:32,4017.0,40084.05795162842,313986,2429598.0,2400964.0,500,21:17:55
2019-07-08 21:16:33,4017.0,40084.16465753599,314398,2429450.0,2400964.0,0,21:17:56
2019-07-08 21:16:33,4017.0,40084.19604476663,314520,2429462.0,2400964.0,0,21:17:57
2019-07-08 21:16:34,4017.0,40084.19925476581,314532,2429466.0,2400964.0,500,21:17:57
2019-07-08 21:16:34,4017.0,40084.207374062986,314562,2429490.0,2400964.0,0,21:17:58
2019-07-08 21:16:35,4017.0,40084.31239442702,314948,2429376.0,2400964.0,500,21:17:58
2019-07-08 21:16:35,4017.0,40084.32708363757,315002,2429340.0,2400964.0,0,21:17:59
2019-07-08 21:16:36,4017.0,40084.33459882931,315028,2429348.0,2400964.0,0,21:18:00
2019-07-08 21:16:37,4017.0,40084.393739452615,315244,2429422.0,2400964.0,500,21:18:00
2019-07-08 21:16:37,4017.0,40084.460005198656,315466,2429392.0,2400964.0,0,21:18:01
2019-07-08 21:16:38,4017.0,40084.48015110892,315534,2429444.0,2400964.0,500,21:18:01
2019-07-08 21:16:38,4017.0,40084.545782766225,315752,2429370.0,2400964.0,0,21:18:02
2019-07-08 21:16:39,4017.0,40084.615068163694,316004,2429356.0,2400964.0,500,21:18:02
2019-07-08 21:16:40,4017.0,40084.63038663545,316060,2429318.0,2400964.0,0,21:18:03
2019-07-08 21:16:40,4018.0,40084.65096858274,316132,2429342.0,2400964.0,500,21:18:03
2019-07-08 21:16:40,4018.0,40084.65928643725,316160,2429360.0,2400964.0,0,21:18:04
2019-07-08 21:16:41,4017.0,40084.821767985806,316722,2429530.0,2400964.0,500,21:18:04
2019-07-08 21:16:41,4018.0,40084.83223891906,316760,2429558.0,2400964.0,0,21:18:05
2019-07-08 21:16:42,4018.0,40084.838406222574,316782,2429560.0,2400964.0,500,21:18:05
2019-07-08 21:16:42,4018.0,40084.87934015726,316924,2429564.0,2400964.0,0,21:18:06
2019-07-08 21:16:43,4017.0,40084.89181804989,316966,2429576.0,2400964.0,500,21:18:06
2019-07-08 21:16:43,4018.0,40084.93150425733,317100,2429594.0,2400964.0,0,21:18:07
2019-07-08 21:16:44,4018.0,40084.948164310306,317156,2429600.0,2400964.0,500,21:18:07
2019-07-08 21:16:44,4018.0,40084.98241256714,317272,2429688.0,2400964.0,0,21:18:08
2019-07-08 21:16:45,4017.0,40084.990482193505,317300,2429692.0,2400964.0,500,21:18:08
2019-07-08 21:16:45,4017.0,40085.00053571316,317334,2429722.0,2400964.0,0,21:18:09
2019-07-08 21:16:46,4017.0,40085.05719252718,317524,2429864.0,2400964.0,500,21:18:09
2019-07-08 21:16:46,4018.0,40085.09563925302,317652,2429842.0,2400964.0,0,21:18:10
2019-07-08 21:16:47,4018.0,40085.301336550605,318282,2429954.0,2400964.0,500,21:18:10
2019-07-08 21:16:47,4018.0,40085.341231006954,318406,2429992.0,2400964.0,0,21:18:11
2019-07-08 21:16:48,4019.0,40085.34855384229,318430,2429992.0,2400964.0,500,21:18:11
2019-07-08 21:16:49,4018.0,40085.64695125006,319344,2430096.0,2400964.0,0,21:18:12
2019-07-08 21:16:49,4019.0,40085.669910085904,319416,2430082.0,2400964.0,500,21:18:12
2019-07-08 21:16:49,4019.0,40085.76952668089,319742,2430016.0,2400964.0,0,21:18:13
2019-07-08 21:16:50,4019.0,40085.881231918924,320086,2430150.0,2400964.0,500,21:18:13
2019-07-08 21:16:51,4019.0,40085.8956305524,320132,2430170.0,2400964.0,500,21:18:14
2019-07-08 21:16:51,4019.0,40085.961179474696,320346,2430160.0,2400964.0,0,21:18:15
2019-07-08 21:16:52,4018.0,40085.99335929698,320448,2430192.0,2400964.0,500,21:18:15
2019-07-08 21:16:52,4019.0,40086.00506730403,320486,2430172.0,2400964.0,0,21:18:16
2019-07-08 21:16:53,4019.0,40086.061959321654,320662,2430196.0,2400964.0,500,21:18:16
2019-07-08 21:16:53,4018.0,40086.07417477908,320702,2430190.0,2400964.0,0,21:18:17
2019-07-08 21:16:54,4019.0,40086.099195710456,320780,2430176.0,2400964.0,500,21:18:17
2019-07-08 21:16:54,4018.0,40086.36703817202,321754,2430554.0,2400964.0,0,21:18:18
2019-07-08 21:16:55,4018.0,40086.40892456617,321898,2430422.0,2400964.0,500,21:18:18
2019-07-08 21:16:55,4018.0,40086.443060144586,322024,2430478.0,2400964.0,0,21:18:19
2019-07-08 21:16:56,4018.0,40086.67009478967,322820,2430844.0,2400964.0,500,21:18:19
2019-07-08 21:16:56,4018.0,40086.674018226084,322834,2430844.0,2400964.0,0,21:18:20
2019-07-08 21:16:57,4018.0,40086.67967564286,322854,2430856.0,2400964.0,500,21:18:20
2019-07-08 21:16:57,4018.0,40086.74629508115,323084,2431020.0,2400964.0,0,21:18:21
2019-07-08 21:16:58,4019.0,40086.898427119064,323610,2431004.0,2400964.0,500,21:18:21
2019-07-08 21:16:59,4019.0,40086.9539839407,323800,2431142.0,2400964.0,500,21:18:22
2019-07-08 21:16:59,4017.0,40086.971858384124,323862,2431190.0,2400964.0,0,21:18:23
2019-07-08 21:17:00,4019.0,40087.03509648912,324078,2431024.0,2400964.0,500,21:18:23
2019-07-08 21:17:00,4019.0,40087.06821883329,324192,2431024.0,2400964.0,0,21:18:24
2019-07-08 21:17:01,4018.0,40087.07694110825,324222,2431030.0,2400964.0,500,21:18:24
2019-07-08 21:17:01,4017.0,40087.08224104218,324242,2431024.0,2400964.0,0,21:18:25
2019-07-08 21:17:02,4019.0,40087.14831686464,324454,2431202.0,2400964.0,500,21:18:25
2019-07-08 21:17:02,4018.0,40087.15892631514,324490,2431206.0,2400964.0,0,21:18:26
2019-07-08 21:17:03,4018.0,40087.16528202347,324512,2431204.0,2400964.0,500,21:18:26
2019-07-08 21:17:03,4017.0,40087.19885901575,324632,2431252.0,2400964.0,0,21:18:27
2019-07-08 21:17:04,4017.0,40087.22921914358,324746,2431230.0,2400964.0,500,21:18:27
2019-07-08 21:17:04,4018.0,40087.23589001447,324770,2431244.0,2400964.0,0,21:18:28
2019-07-08 21:17:05,4018.0,40087.243131073046,324796,2431238.0,2400964.0,500,21:18:28
2019-07-08 21:17:05,4018.0,40087.25716185516,324846,2431252.0,2400964.0,0,21:18:29
2019-07-08 21:17:06,4018.0,40087.283990890624,324940,2431290.0,2400964.0,500,21:18:29
2019-07-08 21:17:06,4018.0,40087.36603244493,325228,2431328.0,2400964.0,0,21:18:30
2019-07-08 21:17:08,4018.0,40087.37748564261,325268,2431338.0,2400964.0,0,21:18:31
2019-07-08 21:17:08,4018.0,40087.44709872447,325512,2431546.0,2400964.0,0,21:18:32
2019-07-08 21:17:09,4018.0,40087.71795798592,326462,2432108.0,2400964.0,0,21:18:33
2019-07-08 21:41:22,4041.0,40262.90568366584,842590,2466942.0,2400964.0,500,21:42:43
2019-07-08 21:41:22,4040.0,40262.943287067246,842806,2466952.0,2400964.0,0,21:42:44
2019-07-08 21:41:22,4040.0,40262.94396127241,842810,2466954.0,2400964.0,500,21:42:44
2019-07-08 21:41:22,4040.0,40262.94396127241,842810,2466954.0,2400964.0,0,21:42:45
2019-07-08 21:41:22,4041.0,40262.94640399419,842824,2466954.0,2400964.0,500,21:42:45
2019-07-08 21:41:23,4041.0,40262.94845023231,842836,2466948.0,2400964.0,500,21:42:46
2019-07-08 21:41:24,4040.0,40262.95109936264,842852,2466954.0,2400964.0,0,21:42:47
2019-07-08 21:41:24,4041.0,40262.951448293534,842854,2466952.0,2400964.0,500,21:42:47
2019-07-08 21:41:24,4040.0,40262.95307428007,842864,2466956.0,2400964.0,0,21:42:48
2019-07-08 21:41:25,4040.0,40262.95470022803,842874,2466946.0,2400964.0,500,21:42:48
2019-07-08 21:41:26,4041.0,40262.955049141274,842876,2466944.0,2400964.0,0,21:42:49
2019-07-08 21:41:26,4041.0,40262.95853818265,842896,2466924.0,2400964.0,500,21:42:49
2019-07-08 21:41:27,4041.0,40262.96864137952,842958,2466888.0,2400964.0,0,21:42:50
2019-07-08 21:41:28,4040.0,40262.96961673334,842964,2466886.0,2400964.0,500,21:42:50
2019-07-08 21:41:28,4041.0,40262.9733115378,842986,2466876.0,2400964.0,0,21:42:51
2019-07-08 21:41:28,4040.0,40262.98176357412,843038,2466876.0,2400964.0,500,21:42:51
2019-07-08 21:41:28,4040.0,40262.98176357412,843038,2466876.0,2400964.0,0,21:42:52
2019-07-08 21:41:29,4041.0,40262.99578709656,843124,2466794.0,2400964.0,500,21:42:52
2019-07-08 21:41:29,4041.0,40262.99753064163,843134,2466784.0,2400964.0,0,21:42:53
2019-07-08 21:41:30,4041.0,40262.99927414534,843144,2466784.0,2400964.0,500,21:42:53
2019-07-08 21:41:30,4040.0,40263.00689763137,843188,2466780.0,2400964.0,0,21:42:54
2019-07-08 21:41:31,4041.0,40263.007571229326,843192,2466778.0,2400964.0,500,21:42:54
2019-07-08 21:41:31,4041.0,40263.00861719312,843198,2466776.0,2400964.0,0,21:42:55
2019-07-08 21:41:32,4041.0,40263.01578906174,843242,2466734.0,2400964.0,500,21:42:55
2019-07-08 21:41:32,4040.0,40263.019924911,843266,2466732.0,2400964.0,0,21:42:56
2019-07-08 21:41:33,4040.0,40263.020249790105,843268,2466732.0,2400964.0,0,21:42:57
2019-07-08 21:41:34,4040.0,40263.020574667666,843270,2466730.0,2400964.0,500,21:42:57
2019-07-08 21:41:35,4040.0,40263.02187416249,843278,2466722.0,2400964.0,500,21:42:58
2019-07-08 21:41:36,4040.0,40263.022547617526,843282,2466722.0,2400964.0,0,21:42:59
2019-07-08 21:41:36,4041.0,40263.022896201044,843284,2466722.0,2400964.0,500,21:42:59
2019-07-08 21:41:36,4041.0,40263.02740392026,843310,2466740.0,2400964.0,0,21:43:00
2019-07-08 21:41:37,4041.0,40263.03002634805,843326,2466728.0,2400964.0,0,21:43:01
2019-07-08 21:41:38,4041.0,40263.03002634805,843326,2466728.0,2400964.0,500,21:43:01
2019-07-08 21:41:38,4040.0,40263.03035118009,843328,2466726.0,2400964.0,0,21:43:02
2019-07-08 21:41:39,4041.0,40263.03336945927,843346,2466714.0,2400964.0,500,21:43:02
2019-07-08 21:41:39,4041.0,40263.035088384975,843356,2466712.0,2400964.0,0,21:43:03
2019-07-08 21:41:40,4041.0,40263.03648246783,843364,2466712.0,2400964.0,500,21:43:03
2019-07-08 21:41:40,4041.0,40263.03752801262,843370,2466714.0,2400964.0,0,21:43:04
2019-07-08 21:41:52,4041.0,40263.04310400023,843402,2466694.0,2400964.0,500,21:43:04
2019-07-08 21:41:52,4041.0,40263.04809397794,843432,2466694.0,2400964.0,0,21:43:05
2019-07-08 21:41:53,4041.0,40263.05041460864,843446,2466686.0,2400964.0,500,21:43:05
2019-07-08 21:41:53,4041.0,40263.05111150631,843450,2466684.0,2400964.0,0,21:43:06
2019-07-08 21:41:53,4040.0,40263.0547072102,843472,2466690.0,2400964.0,0,21:43:07
2019-07-08 21:41:53,4040.0,40263.0547072102,843472,2466690.0,2400964.0,500,21:43:07
2019-07-08 21:41:53,4040.0,40263.0547072102,843472,2466690.0,2400964.0,0,21:43:08
2019-07-08 21:41:53,4040.0,40263.05897583634,843498,2466700.0,2400964.0,500,21:43:08
2019-07-08 21:41:53,4041.0,40263.061763053134,843514,2466700.0,2400964.0,500,21:43:09
2019-07-08 21:41:53,4041.0,40263.06554788414,843536,2466688.0,2400964.0,0,21:43:10
2019-07-08 21:41:53,4040.0,40263.0662209261,843540,2466690.0,2400964.0,500,21:43:10
2019-07-08 21:41:53,4041.0,40263.06970458533,843560,2466690.0,2400964.0,0,21:43:11
2019-07-08 21:41:53,4041.0,40263.07179470158,843572,2466690.0,2400964.0,500,21:43:11
2019-07-08 21:41:53,4040.0,40263.07246768519,843576,2466690.0,2400964.0,0,21:43:12
2019-07-08 21:41:53,4041.0,40263.07968042484,843620,2466714.0,2400964.0,500,21:43:12
2019-07-08 21:41:53,4040.0,40263.117672014356,843854,2466810.0,2400964.0,0,21:43:13
2019-07-08 21:41:53,4040.0,40263.12643084317,843908,2466862.0,2400964.0,500,21:43:13
2019-07-08 21:41:53,4040.0,40263.126755222715,843910,2466864.0,2400964.0,0,21:43:14
2019-07-08 21:41:53,4041.0,40263.13535443539,843962,2466878.0,2400964.0,0,21:43:15
2019-07-08 21:41:53,4040.0,40263.16713221932,844158,2466796.0,2400964.0,0,21:43:16
2019-07-08 21:41:53,4040.0,40263.188849355436,844292,2466664.0,2400964.0,500,21:43:16
2019-07-08 21:41:53,4040.0,40263.222917174855,844502,2466660.0,2400964.0,0,21:43:17
2019-07-08 21:41:54,4040.0,40263.24137833051,844616,2466690.0,2400964.0,500,21:43:17
2019-07-08 21:41:55,4040.0,40263.27992765614,844854,2466660.0,2400964.0,500,21:43:18
2019-07-08 21:41:55,4040.0,40263.28983404307,844918,2466668.0,2400964.0,0,21:43:19
2019-07-08 21:41:57,4040.0,40263.290481251526,844922,2466666.0,2400964.0,0,21:43:20
2019-07-08 21:41:57,4040.0,40263.29170463826,844930,2466670.0,2400964.0,0,21:43:21
2019-07-08 21:41:58,4039.0,40263.29830266967,844974,2466670.0,2400964.0,500,21:43:21
2019-07-09 10:57:49,4056.0,40500.85127355003,2589062,2518102.0,2400964.0,500,10:57:24
2019-07-09 10:57:50,4057.0,40500.85142607301,2589068,2518104.0,2400964.0,500,10:57:25
2019-07-09 10:57:50,4057.0,40500.85192160328,2589088,2518098.0,2400964.0,0,10:57:26
2019-07-09 10:57:50,4057.0,40500.85192160328,2589088,2518098.0,2400964.0,500,10:57:26
2019-07-09 10:57:50,4057.0,40500.85308898889,2589132,2518070.0,2400964.0,0,10:57:27
2019-07-09 10:57:50,4057.0,40500.853241503544,2589138,2518066.0,2400964.0,500,10:57:27
2019-07-09 10:57:52,4057.0,40500.86034469708,2589404,2518150.0,2400964.0,500,10:57:28
2019-07-09 10:57:52,4057.0,40500.86034469708,2589404,2518150.0,2400964.0,0,10:57:29
2019-07-09 10:57:52,4057.0,40500.860459224656,2589408,2518152.0,2400964.0,0,10:57:30
2019-07-09 10:57:53,4057.0,40500.86067283125,2589416,2518160.0,2400964.0,500,10:57:30
2019-07-09 10:57:53,4058.0,40500.86108525815,2589430,2518174.0,2400964.0,0,10:57:31
2019-07-09 10:57:55,4057.0,40500.86824023496,2589698,2518246.0,2400964.0,0,10:57:32
2019-07-09 10:57:55,4057.0,40500.86829362474,2589700,2518246.0,2400964.0,500,10:57:32
2019-07-09 10:57:55,4057.0,40500.868347014446,2589702,2518248.0,2400964.0,0,10:57:33
2019-07-09 10:57:56,4057.0,40500.88249237906,2590232,2518686.0,2400964.0,500,10:57:33
2019-07-09 10:57:57,4058.0,40500.882553468145,2590234,2518686.0,2400964.0,500,10:57:34
2019-07-09 10:57:58,4058.0,40500.88407226075,2590286,2518706.0,2400964.0,0,10:57:35
2019-07-09 10:57:59,4058.0,40500.88407226075,2590286,2518706.0,2400964.0,0,10:57:36
2019-07-09 10:57:59,4058.0,40500.90153918123,2590858,2519186.0,2400964.0,500,10:57:36
2019-07-09 10:57:59,4058.0,40500.909408778934,2591112,2519170.0,2400964.0,0,10:57:37
2019-07-09 10:58:00,4058.0,40500.90966068727,2591120,2519168.0,2400964.0,500,10:57:37
2019-07-09 10:58:01,4059.0,40500.910004515405,2591130,2519158.0,2400964.0,500,10:57:38
2019-07-09 10:58:02,4059.0,40500.910004515405,2591130,2519158.0,2400964.0,500,10:57:39
2019-07-09 10:58:03,4059.0,40500.91398500953,2591246,2519104.0,2400964.0,0,10:57:40
2019-07-09 10:58:03,4059.0,40500.91728532938,2591342,2519170.0,2400964.0,0,10:57:41
2019-07-09 10:58:04,4059.0,40500.92152259411,2591472,2519178.0,2400964.0,500,10:57:41
2019-07-09 10:58:05,4058.0,40500.922339837685,2591496,2519162.0,2400964.0,0,10:57:42
2019-07-09 10:58:06,4059.0,40500.922736877525,2591508,2519160.0,2400964.0,0,10:57:43
2019-07-09 10:58:06,4059.0,40500.92294311356,2591514,2519156.0,2400964.0,500,10:57:43
2019-07-09 10:58:07,4059.0,40500.92294311356,2591514,2519156.0,2400964.0,500,10:57:44
2019-07-09 10:58:07,4059.0,40500.92617402015,2591608,2519156.0,2400964.0,0,10:57:45
2019-07-09 10:58:08,4059.0,40500.926242760295,2591610,2519154.0,2400964.0,500,10:57:45
2019-07-09 10:58:09,4059.0,40500.93013062358,2591722,2519230.0,2400964.0,0,10:57:46
2019-07-09 10:58:09,4060.0,40500.93028352534,2591726,2519226.0,2400964.0,500,10:57:46
2019-07-09 10:58:09,4059.0,40500.930497443405,2591732,2519226.0,2400964.0,0,10:57:47
2019-07-09 10:58:10,4060.0,40500.93072679414,2591738,2519220.0,2400964.0,500,10:57:47
2019-07-09 10:58:10,4060.0,40500.93095614381,2591744,2519220.0,2400964.0,0,10:57:48
2019-07-09 10:58:12,4060.0,40500.9323237834,2591782,2519234.0,2400964.0,0,10:57:49
2019-07-09 10:58:12,4060.0,40500.93262957261,2591790,2519238.0,2400964.0,500,10:57:49
2019-07-09 10:58:12,4060.0,40500.93346976288,2591814,2519258.0,2400964.0,0,10:57:50
2019-07-09 10:58:14,4060.0,40500.934379386366,2591838,2519278.0,2400964.0,500,10:57:50
2019-07-09 10:58:17,4060.0,40500.93871047393,2591960,2519254.0,2400964.0,0,10:57:51
2019-07-09 10:58:17,4060.0,40500.95835098057,2592474,2519412.0,2400964.0,0,10:57:52
2019-07-09 10:58:17,4061.0,40500.975282597545,2592910,2519198.0,2400964.0,0,10:57:53
2019-07-09 10:58:17,4060.0,40500.98074619579,2593046,2519182.0,2400964.0,500,10:57:53
2019-07-09 10:58:17,4060.0,40500.98578264115,2593168,2519172.0,2400964.0,500,10:57:54
2019-07-09 10:58:21,4061.0,40500.985866719115,2593170,2519172.0,2400964.0,500,10:57:55
2019-07-09 10:58:21,4061.0,40500.98628710695,2593180,2519174.0,2400964.0,0,10:57:56
2019-07-09 10:58:21,4061.0,40500.986707491546,2593190,2519180.0,2400964.0,500,10:57:56
2019-07-09 10:58:21,4061.0,40501.00352021715,2593590,2519580.0,2400964.0,500,10:57:57
2019-07-09 10:58:21,4061.0,40501.00713427583,2593676,2519666.0,2400964.0,0,10:57:58
2019-07-09 10:58:28,4060.0,40501.022641849835,2594046,2520020.0,2400964.0,500,10:57:58
2019-07-09 10:58:28,4062.0,40501.076607235336,2595264,2519854.0,2400964.0,0,10:57:59
2019-07-09 10:58:28,4063.0,40501.07978561493,2595330,2519826.0,2400964.0,500,10:57:59
2019-07-09 10:58:28,4062.0,40501.09869577311,2595714,2519530.0,2400964.0,500,10:58:00
2019-07-09 10:58:28,4063.0,40501.10573930141,2595856,2519500.0,2400964.0,0,10:58:01
2019-07-09 10:58:28,4063.0,40501.11576089594,2596058,2519406.0,2400964.0,500,10:58:01
2019-07-09 10:58:29,4063.0,40501.11705168246,2596084,2519386.0,2400964.0,0,10:58:02
2019-07-09 10:58:29,4063.0,40501.1184340275,2596112,2519382.0,2400964.0,500,10:58:02
2019-07-09 10:58:29,4063.0,40501.120762109604,2596162,2519340.0,2400964.0,0,10:58:03
2019-07-09 10:58:29,4063.0,40501.13349134468,2596438,2519138.0,2400964.0,500,10:58:03
2019-07-09 10:58:29,4062.0,40501.144477674934,2596678,2519076.0,2400964.0,0,10:58:04
2019-07-09 10:58:29,4062.0,40501.14556849419,2596702,2519094.0,2400964.0,0,10:58:05
2019-07-09 10:58:29,4061.0,40501.165836923756,2597190,2518982.0,2400964.0,500,10:58:05
2019-07-09 10:58:29,4061.0,40501.176437977294,2597468,2519040.0,2400964.0,0,10:58:06
2019-07-09 10:58:29,4060.0,40501.1795576601,2597550,2519038.0,2400964.0,0,10:58:07
2019-07-09 10:58:31,4060.0,40501.17978592184,2597556,2519044.0,2400964.0,0,10:58:08
2019-07-09 10:58:31,4060.0,40501.18632166988,2597744,2518998.0,2400964.0,500,10:58:08
2019-07-09 10:58:31,4060.0,40501.18708242935,2597764,2519018.0,2400964.0,0,10:58:09
2019-07-09 10:58:32,4059.0,40501.187827779366,2597784,2519032.0,2400964.0,500,10:58:09
2019-07-09 10:58:32,4059.0,40501.19201571114,2597902,2519032.0,2400964.0,0,10:58:10
2019-07-09 10:58:35,4059.0,40501.19784084882,2598058,2519162.0,2400964.0,0,10:58:11
2019-07-09 10:58:35,4060.0,40501.1989817127,2598088,2519162.0,2400964.0,0,10:58:12
2019-07-09 10:58:35,4060.0,40501.19914152386,2598092,2519158.0,2400964.0,500,10:58:12
2019-07-09 10:58:35,4060.0,40501.19929363657,2598096,2519160.0,2400964.0,0,10:58:13
2019-07-09 10:58:36,4061.0,40501.199377390694,2598098,2519160.0,2400964.0,500,10:58:13
2019-07-09 10:58:36,4060.0,40501.199841423186,2598110,2519170.0,2400964.0,0,10:58:14
2019-07-09 10:58:37,4060.0,40501.200761777494,2598134,2519192.0,2400964.0,500,10:58:14
2019-07-09 10:58:38,4061.0,40501.207865082055,2598320,2519068.0,2400964.0,500,10:58:15
2019-07-09 10:58:38,4060.0,40501.209849859835,2598372,2519100.0,2400964.0,0,10:58:16
2019-07-09 10:58:40,4060.0,40501.209849859835,2598372,2519100.0,2400964.0,0,10:58:17
2019-07-09 10:58:40,4060.0,40501.22429535408,2598752,2518720.0,2400964.0,500,10:58:17
2019-07-09 10:58:41,4060.0,40501.22452340695,2598758,2518716.0,2400964.0,0,10:58:18
2019-07-09 10:58:41,4060.0,40501.22505552623,2598772,2518708.0,2400964.0,500,10:58:18
2019-07-09 10:58:42,4060.0,40501.226028340796,2598798,2518708.0,2400964.0,500,10:58:19
2019-07-09 10:58:42,4060.0,40501.22648442941,2598810,2518706.0,2400964.0,0,10:58:20
2019-07-09 10:58:43,4060.0,40501.22684910844,2598820,2518696.0,2400964.0,500,10:58:20
2019-07-09 10:58:43,4060.0,40501.227745874705,2598844,2518674.0,2400964.0,0,10:58:21
2019-07-09 10:58:44,4060.0,40501.22797391154,2598850,2518674.0,2400964.0,0,10:58:22
2019-07-09 10:58:45,4060.0,40501.22827795901,2598858,2518666.0,2400964.0,500,10:58:22
2019-07-09 10:58:45,4059.0,40501.22896111322,2598878,2518664.0,2400964.0,0,10:58:23
2019-07-09 10:58:48,4059.0,40501.22896111322,2598878,2518664.0,2400964.0,0,10:58:24
2019-07-09 10:58:48,4060.0,40501.22932577318,2598888,2518662.0,2400964.0,500,10:58:24
2019-07-09 10:58:48,4060.0,40501.22940178307,2598890,2518662.0,2400964.0,500,10:58:25
2019-07-09 10:58:49,4060.0,40501.22947779285,2598892,2518662.0,2400964.0,0,10:58:26
2019-07-09 10:58:49,4059.0,40501.229910762384,2598904,2518662.0,2400964.0,500,10:58:26
2019-07-09 10:58:50,4060.0,40501.22998677136,2598906,2518662.0,2400964.0,500,10:58:27
2019-07-09 10:58:50,4059.0,40501.23005508468,2598908,2518664.0,2400964.0,0,10:58:28
2019-07-09 10:58:51,4059.0,40501.2306698998,2598926,2518678.0,2400964.0,500,10:58:28
2019-07-09 10:58:52,4060.0,40501.23089022722,2598932,2518674.0,2400964.0,0,10:58:29
2019-07-09 10:58:52,4059.0,40501.231368408575,2598946,2518678.0,2400964.0,500,10:58:29
2019-07-09 10:58:53,4060.0,40501.23167243437,2598954,2518678.0,2400964.0,500,10:58:30
2019-07-09 10:58:54,4060.0,40501.23167243437,2598954,2518678.0,2400964.0,0,10:58:31
2019-07-09 10:58:54,4059.0,40501.23180905578,2598958,2518676.0,2400964.0,0,10:58:32
2019-07-09 10:58:55,4059.0,40501.235126319036,2599054,2518656.0,2400964.0,0,10:58:33
2019-07-09 10:58:56,4059.0,40501.235604455134,2599068,2518650.0,2400964.0,500,10:58:33
2019-07-09 10:58:57,4059.0,40501.235672759874,2599070,2518650.0,2400964.0,500,10:58:34
2019-07-09 10:58:57,4059.0,40501.235672759874,2599070,2518650.0,2400964.0,0,10:58:35
2019-07-09 10:58:58,4060.0,40501.235824759126,2599074,2518646.0,2400964.0,500,10:58:35
2019-07-09 10:58:58,4060.0,40501.23590075858,2599076,2518644.0,2400964.0,0,10:58:36
2019-07-09 10:58:59,4059.0,40501.239460137425,2599180,2518646.0,2400964.0,500,10:58:36
2019-07-09 10:58:59,4060.0,40501.23975641623,2599188,2518646.0,2400964.0,0,10:58:37
2019-07-09 10:59:00,4060.0,40501.23983240933,2599190,2518644.0,2400964.0,0,10:58:38
2019-07-09 10:59:01,4059.0,40501.23996900578,2599194,2518644.0,2400964.0,500,10:58:38
2019-07-09 10:59:02,4059.0,40501.241313773695,2599230,2518646.0,2400964.0,0,10:58:39
2019-07-09 10:59:03,4059.0,40501.24243823242,2599260,2518618.0,2400964.0,500,10:58:39
2019-07-09 10:59:03,4060.0,40501.24341069048,2599286,2518598.0,2400964.0,500,10:58:40
2019-07-09 10:59:03,4060.0,40501.24341069048,2599286,2518598.0,2400964.0,0,10:58:41
2019-07-09 10:59:05,4060.0,40501.243562665186,2599290,2518598.0,2400964.0,500,10:58:41
2019-07-09 10:59:05,4060.0,40501.243562665186,2599290,2518598.0,2400964.0,500,10:58:42
2019-07-09 10:59:06,4060.0,40501.243562665186,2599290,2518598.0,2400964.0,0,10:58:43
2019-07-09 10:59:06,4059.0,40501.24369925064,2599294,2518600.0,2400964.0,0,10:58:44
2019-07-09 10:59:07,4060.0,40501.24453414319,2599318,2518596.0,2400964.0,500,10:58:44
2019-07-09 10:59:08,4060.0,40501.245164149615,2599336,2518606.0,2400964.0,0,10:58:45
2019-07-09 10:59:09,4060.0,40501.24691176595,2599382,2518566.0,2400964.0,0,10:58:46
2019-07-09 10:59:09,4060.0,40501.246987747865,2599384,2518564.0,2400964.0,500,10:58:46
2019-07-09 10:59:10,4060.0,40501.24713971135,2599388,2518562.0,2400964.0,500,10:58:47
2019-07-09 10:59:11,4060.0,40501.247215692914,2599390,2518560.0,2400964.0,500,10:58:48
2019-07-09 10:59:12,4059.0,40501.247420554624,2599396,2518566.0,2400964.0,0,10:58:49
2019-07-09 10:59:12,4059.0,40501.24755712857,2599400,2518570.0,2400964.0,500,10:58:49
2019-07-09 10:59:12,4060.0,40501.24763310946,2599402,2518568.0,2400964.0,0,10:58:50
2019-07-09 10:59:13,4060.0,40501.2477850709,2599406,2518564.0,2400964.0,500,10:58:50
2019-07-09 10:59:15,4060.0,40501.2477850709,2599406,2518564.0,2400964.0,500,10:58:51
2019-07-09 10:59:15,4059.0,40501.24792164376,2599410,2518566.0,2400964.0,0,10:58:52
2019-07-09 10:59:15,4059.0,40501.24792164376,2599410,2518566.0,2400964.0,0,10:58:53
2019-07-09 10:59:17,4059.0,40501.24798993003,2599412,2518568.0,2400964.0,0,10:58:54
2019-07-09 10:59:17,4060.0,40501.24806591024,2599414,2518568.0,2400964.0,0,10:58:55
2019-07-09 10:59:18,4059.0,40501.25004616322,2599472,2518614.0,2400964.0,500,10:58:55
2019-07-09 10:59:18,4059.0,40501.25004616322,2599472,2518614.0,2400964.0,0,10:58:56
2019-07-09 10:59:20,4060.0,40501.250600118175,2599488,2518612.0,2400964.0,0,10:58:57
2019-07-09 10:59:20,4060.0,40501.250949221736,2599498,2518602.0,2400964.0,500,10:58:57
2019-07-09 10:59:20,4060.0,40501.250949221736,2599498,2518602.0,2400964.0,0,10:58:58
2019-07-09 10:59:21,4060.0,40501.250949221736,2599498,2518602.0,2400964.0,500,10:58:58
2019-07-09 10:59:22,4060.0,40501.250949221736,2599498,2518602.0,2400964.0,0,10:58:59
2019-07-09 10:59:22,4060.0,40501.250949221736,2599498,2518602.0,2400964.0,500,10:58:59
2019-07-09 10:59:22,4060.0,40501.251397378735,2599510,2518596.0,2400964.0,0,10:59:00
2019-07-09 10:59:24,4060.0,40501.2522552119,2599534,2518600.0,2400964.0,0,10:59:01
2019-07-09 10:59:24,4059.0,40501.252984165745,2599554,2518598.0,2400964.0,500,10:59:01
2019-07-09 10:59:25,4059.0,40501.25318900122,2599560,2518600.0,2400964.0,0,10:59:02
2019-07-09 10:59:27,4059.0,40501.25366694697,2599574,2518614.0,2400964.0,0,10:59:03
2019-07-09 10:59:27,4059.0,40501.25448627057,2599598,2518622.0,2400964.0,500,10:59:03
2019-07-09 10:59:27,4059.0,40501.25455454685,2599600,2518622.0,2400964.0,500,10:59:04
2019-07-09 10:59:28,4059.0,40501.254622823035,2599602,2518622.0,2400964.0,0,10:59:05
2019-07-09 10:59:28,4060.0,40501.25469879259,2599604,2518622.0,2400964.0,500,10:59:05
2019-07-09 10:59:31,4059.0,40501.255123833675,2599616,2518618.0,2400964.0,500,10:59:06
2019-07-09 10:59:31,4059.0,40501.255123833675,2599616,2518618.0,2400964.0,0,10:59:07
2019-07-09 10:59:31,4059.0,40501.255192109,2599618,2518618.0,2400964.0,500,10:59:07
2019-07-09 10:59:31,4059.0,40501.25532865932,2599622,2518618.0,2400964.0,0,10:59:08
2019-07-09 10:59:31,4059.0,40501.25532865932,2599622,2518618.0,2400964.0,0,10:59:09
2019-07-09 10:59:32,4059.0,40501.25532865932,2599622,2518618.0,2400964.0,500,10:59:09
2019-07-09 10:59:33,4059.0,40501.25560175871,2599630,2518618.0,2400964.0,0,10:59:10
2019-07-09 10:59:33,4059.0,40501.25560175871,2599630,2518618.0,2400964.0,500,10:59:10
2019-07-09 10:59:34,4059.0,40501.25567003329,2599632,2518618.0,2400964.0,500,10:59:11
2019-07-09 10:59:34,4059.0,40501.25611814541,2599644,2518618.0,2400964.0,0,10:59:12
2019-07-09 10:59:35,4059.0,40501.256186419225,2599646,2518616.0,2400964.0,500,10:59:12
2019-07-09 10:59:36,4059.0,40501.25625469294,2599648,2518616.0,2400964.0,500,10:59:13
2019-07-09 10:59:36,4059.0,40501.25639124006,2599652,2518614.0,2400964.0,0,10:59:14
2019-07-09 10:59:37,4060.0,40501.25699897064,2599668,2518598.0,2400964.0,500,10:59:14
2019-07-09 10:59:38,4059.0,40501.25706724315,2599670,2518600.0,2400964.0,0,10:59:15
2019-07-09 10:59:38,4060.0,40501.2578797796,2599692,2518586.0,2400964.0,500,10:59:15
2019-07-09 10:59:39,4059.0,40501.25855576199,2599710,2518590.0,2400964.0,500,10:59:16
2019-07-09 10:59:39,4059.0,40501.25855576199,2599710,2518590.0,2400964.0,0,10:59:17
2019-07-09 10:59:40,4059.0,40501.258828842205,2599718,2518596.0,2400964.0,500,10:59:17
2019-07-09 10:59:41,4059.0,40501.258828842205,2599718,2518596.0,2400964.0,500,10:59:18
2019-07-09 10:59:42,4060.0,40501.26262684542,2599818,2518640.0,2400964.0,500,10:59:19
2019-07-09 10:59:42,4059.0,40501.26324121983,2599836,2518638.0,2400964.0,0,10:59:20
2019-07-09 10:59:43,4060.0,40501.2635373507,2599844,2518634.0,2400964.0,500,10:59:20
2019-07-09 10:59:43,4060.0,40501.26361330633,2599846,2518632.0,2400964.0,0,10:59:21
2019-07-09 10:59:44,4060.0,40501.26368926183,2599848,2518630.0,2400964.0,500,10:59:21
2019-07-09 10:59:45,4059.0,40501.26375752447,2599850,2518630.0,2400964.0,500,10:59:22
2019-07-09 10:59:46,4059.0,40501.263825787006,2599852,2518630.0,2400964.0,0,10:59:23
2019-07-09 10:59:46,4060.0,40501.26405365216,2599858,2518630.0,2400964.0,500,10:59:23
2019-07-09 10:59:47,4060.0,40501.26516988424,2599888,2518634.0,2400964.0,500,10:59:24
2019-07-09 10:59:48,4059.0,40501.26592074341,2599910,2518656.0,2400964.0,500,10:59:25
2019-07-09 10:59:49,4060.0,40501.26644471146,2599924,2518650.0,2400964.0,0,10:59:26
2019-07-09 10:59:50,4059.0,40501.27005946108,2600020,2518604.0,2400964.0,0,10:59:27
2019-07-09 10:59:50,4059.0,40501.27005946108,2600020,2518604.0,2400964.0,500,10:59:27
2019-07-09 10:59:50,4060.0,40501.27043918724,2600030,2518594.0,2400964.0,0,10:59:28
2019-07-09 10:59:51,4060.0,40501.270591076885,2600034,2518592.0,2400964.0,0,10:59:29
2019-07-09 10:59:52,4059.0,40501.27536849457,2600174,2518630.0,2400964.0,0,10:59:30
2019-07-09 10:59:53,4059.0,40501.27543673967,2600176,2518630.0,2400964.0,500,10:59:30
2019-07-09 10:59:54,4060.0,40501.27609709122,2600194,2518626.0,2400964.0,500,10:59:31
2019-07-09 10:59:55,4059.0,40501.276233579134,2600198,2518626.0,2400964.0,500,10:59:32
2019-07-09 10:59:56,4060.0,40501.28390247654,2600400,2518544.0,2400964.0,0,10:59:33
2019-07-09 10:59:56,4060.0,40501.28390247654,2600400,2518544.0,2400964.0,500,10:59:33
2019-07-09 10:59:56,4059.0,40501.28397070914,2600402,2518544.0,2400964.0,0,10:59:34
2019-07-09 10:59:57,4059.0,40501.28403894164,2600404,2518544.0,2400964.0,500,10:59:34
2019-07-09 10:59:58,4059.0,40501.28452425725,2600418,2518546.0,2400964.0,500,10:59:35
2019-07-09 10:59:58,4059.0,40501.28504033176,2600432,2518548.0,2400964.0,0,10:59:36
2019-07-09 10:59:59,4059.0,40501.2861099297,2600462,2518550.0,2400964.0,0,10:59:37
2019-07-09 11:00:00,4060.0,40501.28645876595,2600472,2518544.0,2400964.0,0,10:59:38
2019-07-09 11:00:02,4060.0,40501.28660291424,2600476,2518544.0,2400964.0,0,10:59:39
2019-07-09 11:00:02,4059.0,40501.287095893465,2600490,2518544.0,2400964.0,500,10:59:39
2019-07-09 11:00:02,4059.0,40501.287095893465,2600490,2518544.0,2400964.0,0,10:59:40
2019-07-09 11:00:03,4059.0,40501.287095893465,2600490,2518544.0,2400964.0,500,10:59:40
2019-07-09 11:00:04,4060.0,40501.28744472217,2600500,2518546.0,2400964.0,0,10:59:41
2019-07-09 11:00:04,4060.0,40501.28744472217,2600500,2518546.0,2400964.0,500,10:59:41
2019-07-09 11:00:04,4060.0,40501.28744472217,2600500,2518546.0,2400964.0,0,10:59:42
2019-07-09 11:00:06,4059.0,40501.287937692316,2600514,2518546.0,2400964.0,0,10:59:43
2019-07-09 11:00:06,4060.0,40501.288469110885,2600528,2518544.0,2400964.0,500,10:59:43
2019-07-09 11:00:06,4059.0,40501.28853733662,2600530,2518544.0,2400964.0,0,10:59:44
2019-07-09 11:00:07,4059.0,40501.288749703905,2600536,2518542.0,2400964.0,500,10:59:44
2019-07-09 11:00:07,4060.0,40501.2890379859,2600544,2518540.0,2400964.0,0,10:59:45
2019-07-09 11:00:09,4060.0,40501.28926573225,2600550,2518534.0,2400964.0,0,10:59:46
2019-07-09 11:00:09,4059.0,40501.2895540111,2600558,2518536.0,2400964.0,500,10:59:46
2019-07-09 11:00:10,4059.0,40501.29098669538,2600600,2518534.0,2400964.0,500,10:59:47
2019-07-09 11:00:11,4060.0,40501.29113852013,2600604,2518538.0,2400964.0,500,10:59:48
2019-07-09 11:00:11,4060.0,40501.29113852013,2600604,2518538.0,2400964.0,0,10:59:49
2019-07-09 11:00:12,4059.0,40501.2912826539,2600608,2518540.0,2400964.0,500,10:59:49
2019-07-09 11:00:13,4060.0,40501.29143447773,2600612,2518540.0,2400964.0,500,10:59:50
2019-07-09 11:00:13,4059.0,40501.29157092012,2600616,2518536.0,2400964.0,0,10:59:51
2019-07-09 11:00:14,4060.0,40501.29262498625,2600646,2518522.0,2400964.0,500,10:59:51
2019-07-09 11:00:15,4060.0,40501.293004534244,2600656,2518530.0,2400964.0,0,10:59:52
2019-07-09 11:00:15,4060.0,40501.29322457128,2600662,2518534.0,2400964.0,500,10:59:52
2019-07-09 11:00:17,4060.0,40501.29322457128,2600662,2518534.0,2400964.0,500,10:59:53
2019-07-09 11:00:17,4060.0,40501.293368698636,2600666,2518536.0,2400964.0,0,10:59:54
2019-07-09 11:00:17,4060.0,40501.293368698636,2600666,2518536.0,2400964.0,500,10:59:54
2019-07-09 11:00:17,4059.0,40501.294537081965,2600698,2518524.0,2400964.0,0,10:59:55
2019-07-09 11:00:18,4060.0,40501.29638857744,2600748,2518546.0,2400964.0,0,10:59:56
2019-07-09 11:00:19,4060.0,40501.29691990271,2600762,2518556.0,2400964.0,0,10:59:57
2019-07-09 11:00:20,4060.0,40501.29691990271,2600762,2518556.0,2400964.0,500,10:59:57
2019-07-09 11:00:21,4060.0,40501.307742110104,2601048,2518472.0,2400964.0,500,10:59:58
2019-07-09 11:00:21,4059.0,40501.308234867145,2601062,2518462.0,2400964.0,0,10:59:59
2019-07-09 11:00:22,4059.0,40501.31224895893,2601168,2518382.0,2400964.0,0,11:00:00
2019-07-09 11:00:23,4059.0,40501.340624658915,2601996,2518130.0,2400964.0,500,11:00:00
2019-07-09 11:00:23,4059.0,40501.345371648524,2602136,2518018.0,2400964.0,0,11:00:01
2019-07-09 11:00:24,4059.0,40501.34639373507,2602166,2517988.0,2400964.0,500,11:00:01
2019-07-09 11:00:24,4058.0,40501.35418636,2602404,2517946.0,2400964.0,0,11:00:02
2019-07-09 11:00:25,4058.0,40501.35587866864,2602460,2517938.0,2400964.0,500,11:00:02
2019-07-09 11:00:26,4058.0,40501.356490731916,2602480,2517926.0,2400964.0,500,11:00:03
2019-07-09 11:00:27,4059.0,40501.357223658444,2602504,2517932.0,2400964.0,500,11:00:04
2019-07-09 11:00:28,4058.0,40501.35850048376,2602546,2517956.0,2400964.0,500,11:00:05
2019-07-09 11:00:29,4059.0,40501.360178283256,2602600,2517952.0,2400964.0,500,11:00:06
2019-07-09 11:00:30,4058.0,40501.362232908694,2602668,2517930.0,2400964.0,500,11:00:07
2019-07-09 11:00:30,4058.0,40501.362293337224,2602670,2517930.0,2400964.0,0,11:00:08
2019-07-09 11:00:32,4058.0,40501.36411593076,2602726,2517962.0,2400964.0,0,11:00:09
2019-07-09 11:00:32,4058.0,40501.36411593076,2602726,2517962.0,2400964.0,500,11:00:09
2019-07-09 11:00:32,4059.0,40501.364244466386,2602730,2517962.0,2400964.0,0,11:00:10
2019-07-09 11:00:33,4058.0,40501.364984935186,2602754,2517970.0,2400964.0,0,11:00:11
2019-07-09 11:00:34,4058.0,40501.364984935186,2602754,2517970.0,2400964.0,500,11:00:11
2019-07-09 11:00:35,4058.0,40501.365287056375,2602764,2517980.0,2400964.0,0,11:00:12
2019-07-09 11:00:36,4058.0,40501.36595939889,2602786,2517980.0,2400964.0,500,11:00:13
2019-07-09 11:00:37,4059.0,40501.36663173004,2602808,2517958.0,2400964.0,0,11:00:14
2019-07-09 11:00:37,4058.0,40501.36669215195,2602810,2517958.0,2400964.0,500,11:00:14
2019-07-09 11:00:38,4059.0,40501.367243628854,2602828,2517954.0,2400964.0,500,11:00:15
2019-07-09 11:00:39,4058.0,40501.36994921845,2602914,2517992.0,2400964.0,500,11:00:16
2019-07-09 11:00:39,4059.0,40501.37015351989,2602920,2517998.0,2400964.0,0,11:00:17
2019-07-09 11:00:40,4058.0,40501.37034245307,2602926,2518004.0,2400964.0,0,11:00:18
2019-07-09 11:00:41,4058.0,40501.370675268234,2602936,2518014.0,2400964.0,500,11:00:18
2019-07-09 11:00:42,4058.0,40501.370675268234,2602936,2518014.0,2400964.0,0,11:00:19
2019-07-09 11:00:42,4059.0,40501.37118164299,2602952,2518014.0,2400964.0,500,11:00:19
2019-07-09 11:00:44,4059.0,40501.397468700576,2603722,2518264.0,2400964.0,500,11:00:20
2019-07-09 11:00:44,4059.0,40501.397604817095,2603726,2518264.0,2400964.0,0,11:00:21
2019-07-09 11:00:44,4060.0,40501.40619995591,2603954,2518234.0,2400964.0,500,11:00:21
2019-07-09 11:00:44,4060.0,40501.40847169024,2604014,2518230.0,2400964.0,0,11:00:22
2019-07-09 11:00:45,4060.0,40501.40854741292,2604016,2518232.0,2400964.0,500,11:00:22
2019-07-09 11:00:46,4060.0,40501.40900174653,2604028,2518244.0,2400964.0,500,11:00:23
2019-07-09 11:00:47,4061.0,40501.41048760706,2604064,2518232.0,2400964.0,0,11:00:24
2019-07-09 11:00:47,4060.0,40501.41124479855,2604084,2518232.0,2400964.0,0,11:00:25
2019-07-09 11:00:48,4061.0,40501.411328197304,2604086,2518232.0,2400964.0,500,11:00:25
2019-07-09 11:00:49,4061.0,40501.411328197304,2604086,2518232.0,2400964.0,0,11:00:26
2019-07-09 11:00:49,4061.0,40501.41624081677,2604204,2518236.0,2400964.0,500,11:00:26
2019-07-09 11:00:49,4061.0,40501.421652198485,2604336,2518208.0,2400964.0,0,11:00:27
2019-07-09 11:00:50,4062.0,40501.42319255712,2604370,2518176.0,2400964.0,500,11:00:27
2019-07-09 11:00:50,4062.0,40501.42346573613,2604376,2518170.0,2400964.0,0,11:00:28
2019-07-09 11:00:51,4061.0,40501.423549116145,2604378,2518170.0,2400964.0,500,11:00:28
2019-07-09 11:00:52,4062.0,40501.430216914545,2604528,2518096.0,2400964.0,500,11:00:29
2019-07-09 11:00:53,4062.0,40501.43706050466,2604692,2517936.0,2400964.0,0,11:00:30
2019-07-09 11:00:53,4062.0,40501.438054235514,2604714,2517936.0,2400964.0,0,11:00:31
2019-07-09 11:00:54,4062.0,40501.4389569146,2604734,2517934.0,2400964.0,500,11:00:31
2019-07-09 11:00:55,4062.0,40501.43904794958,2604736,2517934.0,2400964.0,500,11:00:32
2019-07-09 11:00:56,4062.0,40501.44558674488,2604880,2517840.0,2400964.0,0,11:00:33
2019-07-09 11:00:57,4062.0,40501.446314939254,2604896,2517830.0,2400964.0,500,11:00:33
2019-07-09 11:00:57,4061.0,40501.44676237837,2604906,2517828.0,2400964.0,500,11:00:34
2019-07-09 11:00:57,4062.0,40501.4519351099,2605020,2517820.0,2400964.0,0,11:00:35
2019-07-09 11:00:58,4062.0,40501.452208154544,2605026,2517818.0,2400964.0,500,11:00:35
2019-07-09 11:00:58,4062.0,40501.46723472854,2605350,2517904.0,2400964.0,0,11:00:36
2019-07-09 11:00:59,4062.0,40501.47033604589,2605418,2517888.0,2400964.0,500,11:00:36
2019-07-09 11:00:59,4062.0,40501.478524315724,2605598,2517726.0,2400964.0,0,11:00:37
2019-07-09 11:01:00,4062.0,40501.479441729374,2605618,2517716.0,2400964.0,500,11:00:37
2019-07-09 11:01:01,4062.0,40501.48612190983,2605762,2517612.0,2400964.0,0,11:00:38
2019-07-09 11:01:02,4063.0,40501.48760799971,2605794,2517616.0,2400964.0,0,11:00:39
2019-07-09 11:01:02,4062.0,40501.50017037187,2606064,2517534.0,2400964.0,500,11:00:39
2019-07-09 11:01:02,4062.0,40501.501458889405,2606092,2517514.0,2400964.0,0,11:00:40
2019-07-09 11:01:03,4062.0,40501.50154982898,2606094,2517514.0,2400964.0,0,11:00:41
2019-07-09 11:01:05,4062.0,40501.50700594809,2606214,2517462.0,2400964.0,500,11:00:41
2019-07-09 11:01:05,4062.0,40501.5126238714,2606332,2517466.0,2400964.0,0,11:00:42
2019-07-09 11:01:05,4062.0,40501.51271479404,2606334,2517466.0,2400964.0,500,11:00:42
2019-07-09 11:01:06,4063.0,40501.51418604615,2606364,2517472.0,2400964.0,0,11:00:43
2019-07-09 11:01:06,4063.0,40501.51531544804,2606388,2517470.0,2400964.0,500,11:00:43
2019-07-09 11:01:07,4062.0,40501.51913624108,2606468,2517444.0,2400964.0,500,11:00:44
2019-07-09 11:01:07,4062.0,40501.51940897934,2606474,2517442.0,2400964.0,0,11:00:45
2019-07-09 11:01:08,4063.0,40501.52057665112,2606498,2517428.0,2400964.0,0,11:00:46
2019-07-09 11:01:09,4063.0,40501.52422415341,2606572,2517456.0,2400964.0,0,11:00:47
2019-07-09 11:01:10,4063.0,40501.54450506793,2606984,2517790.0,2400964.0,500,11:00:47
2019-07-09 11:01:11,4063.0,40501.55987659245,2607296,2517818.0,2400964.0,0,11:00:48
2019-07-09 11:01:11,4063.0,40501.5600736394,2607300,2517822.0,2400964.0,500,11:00:48
2019-07-09 11:01:12,4063.0,40501.5600736394,2607300,2517822.0,2400964.0,500,11:00:49
2019-07-09 11:01:12,4064.0,40501.560392220934,2607306,2517816.0,2400964.0,0,11:00:50
2019-07-09 11:01:13,4064.0,40501.59495666725,2607958,2517828.0,2400964.0,500,11:00:50
2019-07-09 11:01:16,4064.0,40501.61471132871,2608330,2517804.0,2400964.0,0,11:00:51
2019-07-09 11:01:16,4064.0,40501.62546846344,2608528,2517736.0,2400964.0,500,11:00:51
2019-07-09 11:01:16,4064.0,40501.631944897,2608642,2517686.0,2400964.0,500,11:00:52
2019-07-09 11:01:16,4064.0,40501.63237689993,2608650,2517688.0,2400964.0,0,11:00:53
2019-07-09 11:01:17,4064.0,40501.64712096309,2608928,2517776.0,2400964.0,500,11:00:53
2019-07-09 11:01:17,4065.0,40501.65793961972,2609130,2517824.0,2400964.0,0,11:00:54
2019-07-09 11:01:18,4065.0,40501.66134317547,2609190,2517872.0,2400964.0,500,11:00:54
2019-07-09 11:01:18,4064.0,40501.67294140731,2609404,2517842.0,2400964.0,0,11:00:55
2019-07-09 11:01:18,4065.0,40501.678819641376,2609512,2517880.0,2400964.0,500,11:00:55
2019-07-09 11:01:18,4065.0,40501.68165385609,2609562,2517900.0,2400964.0,0,11:00:56
2019-07-09 11:01:19,4065.0,40501.68356965326,2609598,2517926.0,2400964.0,500,11:00:56
2019-07-09 11:01:20,4064.0,40501.688781664656,2609692,2517900.0,2400964.0,500,11:00:57
2019-07-09 11:01:21,4065.0,40501.69079689531,2609728,2517878.0,2400964.0,500,11:00:58
2019-07-09 11:01:21,4064.0,40501.69181215337,2609746,2517878.0,2400964.0,0,11:00:59
2019-07-09 11:01:22,4064.0,40501.69343269307,2609776,2517874.0,2400964.0,500,11:00:59
2019-07-09 11:01:22,4064.0,40501.69974343727,2609888,2517834.0,2400964.0,0,11:01:00
2019-07-09 11:01:23,4064.0,40501.701265481344,2609916,2517832.0,2400964.0,500,11:01:00
2019-07-09 11:01:24,4064.0,40501.70147743992,2609920,2517830.0,2400964.0,0,11:01:01
2019-07-09 11:01:24,4064.0,40501.712771826584,2610120,2517830.0,2400964.0,500,11:01:01
2019-07-09 11:01:24,4064.0,40501.713097375374,2610126,2517824.0,2400964.0,0,11:01:02
2019-07-09 11:01:25,4065.0,40501.72152148961,2610284,2517772.0,2400964.0,0,11:01:03
2019-07-09 11:01:26,4064.0,40501.73273615161,2610484,2517834.0,2400964.0,0,11:01:04
2019-07-09 11:01:27,4065.0,40501.73381845038,2610504,2517834.0,2400964.0,500,11:01:04
2019-07-09 11:01:27,4064.0,40501.73757955147,2610574,2517834.0,2400964.0,0,11:01:05
2019-07-09 11:01:28,4064.0,40501.73790498663,2610580,2517834.0,2400964.0,500,11:01:05
2019-07-09 11:01:28,4064.0,40501.73833634415,2610588,2517840.0,2400964.0,0,11:01:06
2019-07-09 11:01:30,4065.0,40501.74083516942,2610632,2517836.0,2400964.0,500,11:01:06
2019-07-09 11:01:30,4064.0,40501.7642102554,2611072,2517762.0,2400964.0,0,11:01:07
2019-07-09 11:01:30,4064.0,40501.7648455584,2611084,2517762.0,2400964.0,500,11:01:07
2019-07-09 11:01:30,4064.0,40501.770925245095,2611200,2517762.0,2400964.0,0,11:01:08
2019-07-09 11:01:31,4063.0,40501.77121988843,2611206,2517768.0,2400964.0,500,11:01:08
2019-07-09 11:01:32,4064.0,40501.772384487296,2611228,2517746.0,2400964.0,0,11:01:09
2019-07-09 11:01:32,4063.0,40501.78201624861,2611424,2517748.0,2400964.0,0,11:01:10
2019-07-09 11:01:33,4064.0,40501.795816064914,2611704,2517746.0,2400964.0,500,11:01:10
2019-07-09 11:01:33,4064.0,40501.7965415868,2611718,2517744.0,2400964.0,0,11:01:11
2019-07-09 11:01:34,4064.0,40501.796745595435,2611722,2517744.0,2400964.0,500,11:01:11
2019-07-09 11:01:35,4064.0,40501.796745595435,2611722,2517744.0,2400964.0,0,11:01:12
2019-07-09 11:01:35,4064.0,40501.797538650506,2611738,2517754.0,2400964.0,500,11:01:12
2019-07-09 11:01:36,4064.0,40501.798339353554,2611754,2517764.0,2400964.0,500,11:01:13
2019-07-09 11:01:37,4063.0,40501.80106792005,2611806,2517772.0,2400964.0,500,11:01:14
2019-07-09 11:01:38,4064.0,40501.803107840205,2611846,2517798.0,2400964.0,500,11:01:15
2019-07-09 11:01:39,4064.0,40501.80861042516,2611950,2517862.0,2400964.0,500,11:01:16
2019-07-09 11:01:39,4064.0,40501.80892786862,2611956,2517864.0,2400964.0,0,11:01:17
2019-07-09 11:01:40,4064.0,40501.81244889021,2612024,2517900.0,2400964.0,500,11:01:17
2019-07-09 11:01:40,4064.0,40501.815094059355,2612074,2517950.0,2400964.0,0,11:01:18
2019-07-09 11:01:41,4064.0,40501.820693826616,2612180,2517976.0,2400964.0,500,11:01:18
2019-07-09 11:01:42,4063.0,40501.825706413016,2612282,2518074.0,2400964.0,500,11:01:19
2019-07-09 11:01:42,4064.0,40501.825812201125,2612284,2518074.0,2400964.0,0,11:01:20
2019-07-09 11:01:43,4064.0,40501.83181888824,2612398,2518136.0,2400964.0,500,11:01:20
2019-07-09 11:01:43,4064.0,40501.8329824454,2612420,2518136.0,2400964.0,0,11:01:21
2019-07-09 11:01:44,4064.0,40501.8329824454,2612420,2518136.0,2400964.0,500,11:01:21
2019-07-09 11:01:45,4063.0,40501.83308056662,2612422,2518136.0,2400964.0,500,11:01:22
2019-07-09 11:01:45,4064.0,40501.83444799667,2612448,2518162.0,2400964.0,0,11:01:23
2019-07-09 11:01:47,4064.0,40501.83444799667,2612448,2518162.0,2400964.0,0,11:01:24
2019-07-09 11:01:47,4063.0,40501.83496155727,2612458,2518170.0,2400964.0,500,11:01:24
2019-07-09 11:01:49,4064.0,40501.83527887848,2612464,2518170.0,2400964.0,500,11:01:25
2019-07-09 11:01:49,4064.0,40501.83549042515,2612468,2518174.0,2400964.0,500,11:01:26
2019-07-09 11:01:49,4063.0,40501.8360116334,2612478,2518184.0,2400964.0,0,11:01:27
2019-07-09 11:01:51,4064.0,40501.83661564255,2612490,2518194.0,2400964.0,500,11:01:27
2019-07-09 11:01:51,4064.0,40501.83703872692,2612498,2518198.0,2400964.0,500,11:01:28
2019-07-09 11:01:52,4064.0,40501.83764272673,2612510,2518204.0,2400964.0,500,11:01:29
2019-07-09 11:01:53,4064.0,40501.838548716034,2612528,2518210.0,2400964.0,500,11:01:30
2019-07-09 11:01:54,4064.0,40501.840843551225,2612574,2518250.0,2400964.0,500,11:01:31
2019-07-09 11:01:55,4064.0,40501.84295881443,2612614,2518290.0,2400964.0,500,11:01:32
2019-07-09 11:01:56,4064.0,40501.84295881443,2612614,2518290.0,2400964.0,0,11:01:33
2019-07-09 11:01:56,4063.0,40501.84452849716,2612646,2518290.0,2400964.0,500,11:01:33
2019-07-09 11:01:56,4063.0,40501.84452849716,2612646,2518290.0,2400964.0,0,11:01:34
2019-07-09 11:01:57,4064.0,40501.84494387699,2612654,2518292.0,2400964.0,500,11:01:34
2019-07-09 11:01:58,4064.0,40501.84494387699,2612654,2518292.0,2400964.0,0,11:01:35
2019-07-09 11:01:58,4064.0,40501.84504963531,2612656,2518294.0,2400964.0,500,11:01:35
2019-07-09 11:01:59,4064.0,40501.84504963531,2612656,2518294.0,2400964.0,500,11:01:36
2019-07-09 11:02:00,4063.0,40501.84620531118,2612678,2518312.0,2400964.0,0,11:01:37
2019-07-09 11:02:00,4063.0,40501.84620531118,2612678,2518312.0,2400964.0,500,11:01:37
2019-07-09 11:02:00,4063.0,40501.84775336547,2612708,2518314.0,2400964.0,0,11:01:38
2019-07-09 11:02:01,4063.0,40501.848047662315,2612714,2518314.0,2400964.0,0,11:01:39
2019-07-09 11:02:02,4064.0,40501.849301384216,2612738,2518334.0,2400964.0,500,11:01:39
2019-07-09 11:02:02,4063.0,40501.84949757764,2612742,2518336.0,2400964.0,0,11:01:40
2019-07-09 11:02:04,4064.0,40501.84960332891,2612744,2518334.0,2400964.0,0,11:01:41
2019-07-09 11:02:04,4064.0,40501.84981483097,2612748,2518336.0,2400964.0,500,11:01:41
2019-07-09 11:02:04,4064.0,40501.8502148689,2612756,2518342.0,2400964.0,0,11:01:42
2019-07-09 11:02:05,4064.0,40501.85100728269,2612772,2518354.0,2400964.0,500,11:01:42
2019-07-09 11:02:06,4064.0,40501.85100728269,2612772,2518354.0,2400964.0,500,11:01:43
2019-07-09 11:02:08,4063.0,40501.886997772344,2613506,2518162.0,2400964.0,500,11:01:44
2019-07-09 11:02:08,4062.0,40501.88717854533,2613510,2518160.0,2400964.0,500,11:01:45
2019-07-09 11:02:09,4063.0,40501.89011964478,2613570,2518220.0,2400964.0,500,11:01:46
2019-07-09 11:02:10,4063.0,40501.89070784846,2613582,2518224.0,2400964.0,500,11:01:47
2019-07-09 11:02:10,4062.0,40501.89170968517,2613604,2518220.0,2400964.0,0,11:01:48
2019-07-09 11:02:11,4062.0,40501.90526507477,2613904,2518212.0,2400964.0,500,11:01:48
2019-07-09 11:02:12,4062.0,40501.90553615082,2613910,2518214.0,2400964.0,500,11:01:49
2019-07-09 11:02:13,4062.0,40501.9057168675,2613914,2518214.0,2400964.0,500,11:01:50
2019-07-09 11:02:13,4062.0,40501.90589758363,2613918,2518216.0,2400964.0,0,11:01:51
2019-07-09 11:02:14,4062.0,40501.90625901422,2613926,2518220.0,2400964.0,500,11:01:51
2019-07-09 11:02:15,4063.0,40501.90635702284,2613928,2518218.0,2400964.0,0,11:01:52
2019-07-09 11:02:15,4063.0,40501.90635702284,2613928,2518218.0,2400964.0,500,11:01:52
2019-07-09 11:02:16,4063.0,40501.90645503131,2613930,2518216.0,2400964.0,0,11:01:53
2019-07-09 11:02:16,4063.0,40501.90673375324,2613936,2518216.0,2400964.0,0,11:01:54
2019-07-09 11:02:17,4062.0,40501.906914466286,2613940,2518220.0,2400964.0,500,11:01:54
2019-07-09 11:02:17,4062.0,40501.90745660211,2613952,2518214.0,2400964.0,0,11:01:55
2019-07-09 11:02:18,4062.0,40501.90745660211,2613952,2518214.0,2400964.0,500,11:01:55
2019-07-09 11:02:18,4062.0,40501.908285098914,2613970,2518208.0,2400964.0,0,11:01:56
2019-07-09 11:02:20,4062.0,40501.908646515,2613978,2518200.0,2400964.0,0,11:01:57
2019-07-09 11:02:20,4063.0,40501.91047651546,2614018,2518200.0,2400964.0,500,11:01:57
2019-07-09 11:02:21,4062.0,40501.910657217115,2614022,2518198.0,2400964.0,0,11:01:58
2019-07-09 11:02:21,4063.0,40501.91085322028,2614026,2518198.0,2400964.0,500,11:01:58
2019-07-09 11:02:21,4062.0,40501.91094357061,2614028,2518198.0,2400964.0,0,11:01:59
2019-07-09 11:02:22,4062.0,40501.91555125415,2614130,2518206.0,2400964.0,0,11:02:00
2019-07-09 11:02:23,4062.0,40501.91573194029,2614134,2518206.0,2400964.0,500,11:02:00
2019-07-09 11:02:24,4062.0,40501.917728569155,2614176,2518214.0,2400964.0,500,11:02:01
2019-07-09 11:02:25,4062.0,40501.919709832924,2614218,2518216.0,2400964.0,0,11:02:02
2019-07-09 11:02:25,4063.0,40501.919807820304,2614220,2518216.0,2400964.0,500,11:02:02
2019-07-09 11:02:25,4062.0,40501.92034983888,2614232,2518218.0,2400964.0,0,11:02:03
