symbol,exchange,vtSymbol,date,time,open,high,low,close,volume
I99,,I99,20131018,00:00:00,976.7211,984.4105,959.8851,976.0979,338700.0
I99,,I99,20131021,00:00:00,974.2573,975.4591,959.0633,966.9165,104026.0
I99,,I99,20131022,00:00:00,961.1154,964.0002,946.2618,946.2618,98812.0
I99,,I99,20131023,00:00:00,947.1685,950.9239,934.5749,937.4897,122456.0
I99,,I99,20131024,00:00:00,936.1802,937.0292,915.3198,924.6336,177400.0
I99,,I99,20131025,00:00:00,926.4037,933.9942,915.5955,916.595,108826.0
I99,,I99,20131028,00:00:00,918.3361,926.4429,915.591,921.2810000000001,86858.0
I99,,I99,20131029,00:00:00,922.0157,923.2663,911.7965,919.2953,108908.0
I99,,I99,20131030,00:00:00,917.8299,927.868,914.8836,921.9774,124214.0
I99,,I99,20131031,00:00:00,922.8703,924.6721,918.1965,920.084,77154.0
I99,,I99,20131101,00:00:00,919.9603,952.6243,919.9603,941.0438,329152.0
I99,,I99,20131104,00:00:00,941.9864,955.6946,940.8116,948.743,177942.0
I99,,I99,20131105,00:00:00,946.7271,952.6096,941.773,944.799,110230.0
I99,,I99,20131106,00:00:00,947.4881,949.6643,940.8704,942.7961,71754.0
I99,,I99,20131107,00:00:00,943.4597,945.7199,937.7445,943.7801,94728.0
I99,,I99,20131108,00:00:00,944.7439999999999,946.1609,934.6718,937.4533,71884.0
I99,,I99,20131111,00:00:00,938.1458,942.0765,932.4836,940.1135,60720.0
I99,,I99,20131112,00:00:00,938.3084,942.1618,934.4730000000001,941.0353,47886.0
I99,,I99,20131113,00:00:00,939.6266,949.9356,938.1319,940.8326,99902.0
I99,,I99,20131114,00:00:00,938.2217,941.6945,934.9603,934.9603,57574.0
I99,,I99,20131115,00:00:00,936.5189,939.8148,928.0701,929.0862,79910.0
I99,,I99,20131118,00:00:00,929.0079,932.9019,923.3935,930.2544,56586.0
I99,,I99,20131119,00:00:00,929.3516,940.7916,928.3521,939.942,63546.0
I99,,I99,20131120,00:00:00,940.587,943.967,937.9241,939.8938,44890.0
I99,,I99,20131121,00:00:00,939.7871,940.6595,930.065,930.2216,43236.0
I99,,I99,20131122,00:00:00,932.3181,933.1566,927.3343,929.3047,54496.0
I99,,I99,20131125,00:00:00,931.0947,933.9155,926.2751,931.0533,40540.0
I99,,I99,20131126,00:00:00,932.2636,941.2818,932.2099,939.0243,75276.0
I99,,I99,20131127,00:00:00,937.8934,939.7739,931.2819999999999,934.2673,31592.0
I99,,I99,20131128,00:00:00,931.6238,938.1601,931.4791,937.0292,28536.0
I99,,I99,20131129,00:00:00,937.3394,942.8542,937.0398,937.2229,34138.0
I99,,I99,20131202,00:00:00,937.9805,938.9671,932.4929,934.61,43020.0
I99,,I99,20131203,00:00:00,936.6649,939.1796,934.2485,937.2072,36684.0
I99,,I99,20131204,00:00:00,940.4279,952.8008,939.4413,949.8408,97470.0
I99,,I99,20131205,00:00:00,950.6382,953.8761,941.8933,942.7665,55270.0
I99,,I99,20131206,00:00:00,942.0521,943.0394,935.9191,938.9058,44522.0
I99,,I99,20131209,00:00:00,938.7378,943.8106,937.7139,942.7867,20184.0
I99,,I99,20131210,00:00:00,943.6168,944.7919999999999,939.9449,940.1329,17184.0
I99,,I99,20131211,00:00:00,939.8028,939.8992,932.1573,934.9865,41416.0
I99,,I99,20131212,00:00:00,933.9421,936.1110000000001,928.3078,928.454,37364.0
I99,,I99,20131213,00:00:00,924.9317,924.933,903.8248,911.8369,100498.0
I99,,I99,20131216,00:00:00,911.5498,920.5748,910.5573,915.7446,42230.0
I99,,I99,20131217,00:00:00,915.7895,917.9333,906.4923,908.1622,26784.0
I99,,I99,20131218,00:00:00,906.4191,911.0599,900.2655,904.2510000000001,76142.0
I99,,I99,20131219,00:00:00,906.8201,910.4582,904.3038,905.4836,33700.0
I99,,I99,20131220,00:00:00,906.2341,910.2175,898.9021,902.3782,37540.0
I99,,I99,20131223,00:00:00,900.9268,901.9239,881.9222,889.1289999999999,143740.0
I99,,I99,20131224,00:00:00,887.9478,902.701,887.9475,895.2861,100328.0
I99,,I99,20131225,00:00:00,898.0338,899.2919999999999,893.0486,897.8434,51462.0
I99,,I99,20131226,00:00:00,898.0637,899.2769,882.0319999999999,892.5773,89600.0
I99,,I99,20131227,00:00:00,893.692,905.4413,892.1569,902.4502,92094.0
I99,,I99,20131230,00:00:00,903.7318,915.4795,903.4852,906.4784,91510.0
I99,,I99,20131231,00:00:00,904.2371,909.5244,895.2666,906.5258,77816.0
I99,,I99,20140102,00:00:00,907.3467,907.7979,895.4849,903.0189999999999,59526.0
I99,,I99,20140103,00:00:00,899.5817,901.0175,884.2764,897.6023,139438.0
I99,,I99,20140106,00:00:00,895.4678,896.3034,884.5314,888.9010000000001,118280.0
I99,,I99,20140107,00:00:00,888.0465,895.2404,883.6878,892.6667,94584.0
I99,,I99,20140108,00:00:00,891.2576,892.8158,880.2821,888.0485,111804.0
I99,,I99,20140109,00:00:00,887.0989999999999,895.0818,880.1045,883.8641,111906.0
I99,,I99,20140110,00:00:00,879.6066,880.6046,865.4521,875.6147,202396.0
I99,,I99,20140113,00:00:00,874.4976,875.2453,863.7836,866.2547,119584.0
I99,,I99,20140114,00:00:00,867.0361,876.7613,860.6303,875.7555,109056.0
I99,,I99,20140115,00:00:00,874.6565,877.5033,869.9495,873.9414,77568.0
I99,,I99,20140116,00:00:00,874.6603,879.6544,870.2555,873.6611,80322.0
I99,,I99,20140117,00:00:00,871.1377,872.5215,864.8155,869.8958,91202.0
I99,,I99,20140120,00:00:00,866.8125,870.1905,854.4294,855.8217,113144.0
I99,,I99,20140121,00:00:00,854.2543,855.2512,837.5994,841.8846,158540.0
I99,,I99,20140122,00:00:00,845.0313,852.7362,839.7324,846.449,94792.0
I99,,I99,20140123,00:00:00,849.8824,878.5012,848.5779,871.7286,253884.0
I99,,I99,20140124,00:00:00,869.8683,873.3489999999999,864.7364,870.4060000000001,119320.0
I99,,I99,20140127,00:00:00,865.4561,867.3561,855.2696,858.2405,89732.0
I99,,I99,20140128,00:00:00,856.8893,862.1939,851.5954,851.6465,69796.0
I99,,I99,20140129,00:00:00,851.6808,862.1234,851.0389,859.8537,60104.0
I99,,I99,20140130,00:00:00,857.5514,865.7641,854.6106,862.451,41634.0
I99,,I99,20140207,00:00:00,858.8733,862.3772,846.298,849.6125,97658.0
I99,,I99,20140210,00:00:00,849.4121,853.6597,840.4059,848.4652,113976.0
I99,,I99,20140211,00:00:00,846.3797,851.632,839.7615,843.0835,83684.0
I99,,I99,20140212,00:00:00,842.9164,849.4928,838.6759,847.5354,82514.0
I99,,I99,20140213,00:00:00,846.3733,852.327,844.4329,848.0889,76930.0
I99,,I99,20140214,00:00:00,849.6588,859.3745,848.5687,855.802,95806.0
I99,,I99,20140217,00:00:00,857.0598,869.2336,855.9328,868.2756,172762.0
I99,,I99,20140218,00:00:00,869.7084,872.8743,856.3134,856.3134,122794.0
I99,,I99,20140219,00:00:00,856.4022,863.1509,854.6184,860.2702,74102.0
I99,,I99,20140220,00:00:00,858.5001,860.419,848.6319,848.6498,80192.0
I99,,I99,20140221,00:00:00,848.5216,850.4832,842.6003,847.4705,92442.0
I99,,I99,20140224,00:00:00,842.7262,842.7262,816.457,820.4476,250616.0
I99,,I99,20140225,00:00:00,822.3333,826.2727,809.3252,815.2365,168188.0
I99,,I99,20140226,00:00:00,813.7407,818.7263,809.3229,817.1912,178470.0
I99,,I99,20140227,00:00:00,814.7263,822.5639,813.1252,820.6066,141574.0
I99,,I99,20140228,00:00:00,820.8474,823.8434,807.4712,811.8430000000001,175266.0
I99,,I99,20140303,00:00:00,811.3063,814.1916,798.7572,804.0489,178942.0
I99,,I99,20140304,00:00:00,803.8942,806.2806,796.1607,805.2139999999999,192304.0
I99,,I99,20140305,00:00:00,806.5805,812.0491,794.6637,807.0035,331960.0
I99,,I99,20140306,00:00:00,807.1508,808.1471,791.3436,792.8810000000001,280012.0
I99,,I99,20140307,00:00:00,792.9944,793.4237,768.5406,768.8607,323480.0
I99,,I99,20140310,00:00:00,746.8863,748.9478,738.1361,738.1453,270904.0
I99,,I99,20140311,00:00:00,724.8510000000001,756.0508,711.1381,744.4667,766418.0
I99,,I99,20140312,00:00:00,719.3218,745.2187,710.7704,741.3223,1022528.0
I99,,I99,20140313,00:00:00,744.0345,754.9275,731.6879,751.9910000000001,793866.0
I99,,I99,20140314,00:00:00,751.2187,753.0711,724.0673,743.4209,951524.0
I99,,I99,20140317,00:00:00,747.5289,751.3661,732.0421,733.1404,767074.0
I99,,I99,20140318,00:00:00,732.4734,741.5069,725.7336,735.6011,883396.0
I99,,I99,20140319,00:00:00,738.9085,741.2318,732.3846,735.6517,487760.0
I99,,I99,20140320,00:00:00,744.1646,763.7472,736.0126,736.6556,1136732.0
I99,,I99,20140321,00:00:00,739.0957,745.8627,732.4739,736.3314,938288.0
I99,,I99,20140324,00:00:00,732.9194,747.1419,717.3318,746.3295,1386118.0
I99,,I99,20140325,00:00:00,745.3347,760.8422,739.9148,760.8422,1088596.0
I99,,I99,20140326,00:00:00,763.7007,765.8165,751.0442,760.1523,684950.0
I99,,I99,20140327,00:00:00,755.7555,770.8122,753.6114,758.5168,796648.0
I99,,I99,20140328,00:00:00,758.7792,785.1268,757.9275,782.5438,834998.0
I99,,I99,20140331,00:00:00,782.0306,799.9894,779.2103,794.4915,1069260.0
I99,,I99,20140401,00:00:00,795.1137,803.5026,787.7717,800.9566,815858.0
I99,,I99,20140402,00:00:00,801.4739,803.684,778.4592,785.0843,968638.0
I99,,I99,20140403,00:00:00,783.5263,800.8872,779.1886,799.88,1256822.0
I99,,I99,20140404,00:00:00,802.0117,809.8229,795.5052,807.825,699708.0
I99,,I99,20140408,00:00:00,808.9292,832.2606,807.8459,824.6385,861304.0
I99,,I99,20140409,00:00:00,825.8635,830.5246,815.6948,818.5764,737168.0
I99,,I99,20140410,00:00:00,821.7374,827.6245,811.945,816.0492,694658.0
I99,,I99,20140411,00:00:00,815.6049,817.0169,808.9542,813.755,488778.0
I99,,I99,20140414,00:00:00,811.6807,818.6295,794.9153,802.5623,843170.0
I99,,I99,20140415,00:00:00,802.628,811.41,795.5261,811.2294,655994.0
I99,,I99,20140416,00:00:00,810.4202,810.8176,791.3716,796.3733,696470.0
I99,,I99,20140417,00:00:00,798.057,800.8758,793.1186,794.1705,412958.0
I99,,I99,20140418,00:00:00,793.0036,793.9528,772.6911,779.4624,1128592.0
I99,,I99,20140421,00:00:00,780.1110000000001,786.5592,774.6679,779.3717,490460.0
I99,,I99,20140422,00:00:00,775.9369,779.9532,766.3798,777.1274,617118.0
I99,,I99,20140423,00:00:00,778.23,784.8838,766.1448,783.8911,510098.0
I99,,I99,20140424,00:00:00,785.9049,799.4087,781.1619,792.0238,685936.0
I99,,I99,20140425,00:00:00,794.6782,798.1661,789.4955,792.2973,422192.0
I99,,I99,20140428,00:00:00,784.8998,785.7984,754.6603,758.3327,992078.0
I99,,I99,20140429,00:00:00,757.0235,771.8844,756.9908,768.8906,653890.0
I99,,I99,20140430,00:00:00,766.3156,768.8574,752.9004,762.4895,652612.0
I99,,I99,20140505,00:00:00,757.7161,769.7507,752.7679,768.7595,453262.0
I99,,I99,20140506,00:00:00,768.3546,772.1308,762.4024,765.1933,425754.0
I99,,I99,20140507,00:00:00,763.6357,765.7916,745.388,746.3904,766384.0
I99,,I99,20140508,00:00:00,745.2769999999999,748.2772,733.0358,733.2455,766230.0
I99,,I99,20140509,00:00:00,736.3918,739.0755,729.7414,733.1983,477992.0
I99,,I99,20140512,00:00:00,732.39,739.6017,724.1957,738.5953,898172.0
I99,,I99,20140513,00:00:00,739.2748,746.8833,734.6331,737.6423,640082.0
I99,,I99,20140514,00:00:00,737.3557,741.7123,731.8012,735.9615,521990.0
I99,,I99,20140515,00:00:00,736.7666,741.2984,732.0076,734.9223,557824.0
I99,,I99,20140516,00:00:00,731.9103,732.9275,709.1804,714.6359,1049048.0
I99,,I99,20140519,00:00:00,710.8274,712.3808,700.4056,704.4184,1134690.0
I99,,I99,20140520,00:00:00,702.7182,706.2237,692.7545,697.2617,849920.0
I99,,I99,20140521,00:00:00,699.5027,709.6567,696.2289999999999,705.9024,727698.0
I99,,I99,20140522,00:00:00,708.7993,723.2059,707.7478,711.7489,900646.0
I99,,I99,20140523,00:00:00,713.8721,717.6147,703.3861,704.8974,676442.0
I99,,I99,20140526,00:00:00,703.9321,725.2383,702.9136,719.3069,1167502.0
I99,,I99,20140527,00:00:00,718.9222,722.1746,713.438,721.4216,481426.0
I99,,I99,20140528,00:00:00,718.3951,719.3916,700.247,704.6931,823180.0
I99,,I99,20140529,00:00:00,704.1849,707.939,696.4860000000001,700.7562,882404.0
I99,,I99,20140530,00:00:00,691.1044,697.0549,674.9475,679.7709,1047510.0
I99,,I99,20140603,00:00:00,684.9199,685.7977,675.0438,682.5573,675924.0
I99,,I99,20140604,00:00:00,682.8466,692.3179,681.3465,690.8203,707666.0
I99,,I99,20140605,00:00:00,692.2887,694.9748,681.5628,688.2836,883968.0
I99,,I99,20140606,00:00:00,688.523,693.7463,684.3144,689.2766,828168.0
I99,,I99,20140609,00:00:00,688.5438,692.9904,686.2399,690.2302,582586.0
I99,,I99,20140610,00:00:00,691.2576,692.2181,680.3111,686.2281,671278.0
I99,,I99,20140611,00:00:00,683.9984,686.9546,680.2773,681.7707,528608.0
I99,,I99,20140612,00:00:00,679.314,680.0353,667.1196,668.1314,823082.0
I99,,I99,20140613,00:00:00,663.9059,671.6064,660.9539,667.8435,796214.0
I99,,I99,20140616,00:00:00,664.5138,667.0002,659.6363,662.2424,686854.0
I99,,I99,20140617,00:00:00,657.2425,672.7907,657.2413,669.3888,680096.0
I99,,I99,20140618,00:00:00,669.5465,674.2255,665.7002,666.6496,551478.0
I99,,I99,20140619,00:00:00,667.6173,671.6277,663.9974,665.2778,659612.0
I99,,I99,20140620,00:00:00,667.2369,684.0879,664.1849,677.7217,1216196.0
I99,,I99,20140623,00:00:00,681.5342,697.4709,680.8846,690.1764,1111380.0
I99,,I99,20140624,00:00:00,688.2308,688.5525,680.938,682.9984,489588.0
I99,,I99,20140625,00:00:00,684.1328,694.5226,683.6167,691.2660000000001,704746.0
I99,,I99,20140626,00:00:00,693.9634,715.3207,693.9617,714.2666,1434332.0
I99,,I99,20140627,00:00:00,712.712,716.1979,704.8977,705.0219,780538.0
I99,,I99,20140630,00:00:00,703.3586,704.4119999999999,692.0764,693.8914,723168.0
I99,,I99,20140701,00:00:00,697.3194,701.5945,691.1510000000001,700.1878,710416.0
I99,,I99,20140702,00:00:00,701.9985,717.3558,696.5874,714.8435,1287892.0
I99,,I99,20140703,00:00:00,718.8084,722.4294,709.2132,711.1337,891502.0
I99,,I99,20140704,00:00:00,712.3857,715.307,707.5842,709.4727,732768.0
I99,,I99,20140707,00:00:00,708.829,712.3859,693.3524,704.6598,1164798.0
I99,,I99,20140708,00:00:00,705.3585,719.2167,696.7398,716.9666,1374442.0
I99,,I99,20140709,00:00:00,716.4027,717.1633,697.1756,698.4829,1034984.0
I99,,I99,20140710,00:00:00,699.0167,712.0858,697.7909,703.248,1074124.0
I99,,I99,20140711,00:00:00,706.2119,710.3518,700.9561,709.3510000000001,951176.0
I99,,I99,20140714,00:00:00,711.5682,717.3611,708.4995,711.7437,792600.0
I99,,I99,20140715,00:00:00,715.9415,722.3216,712.1937,714.0679,811210.0
I99,,I99,20140716,00:00:00,715.6517,719.1705,711.8698,714.2926,635156.0
I99,,I99,20140717,00:00:00,712.3636,714.1018,704.7237,706.2198,573586.0
I99,,I99,20140718,00:00:00,701.7895,702.645,680.7142,680.7146,1230092.0
I99,,I99,20140721,00:00:00,679.3811,684.8757,676.6904,680.6906,650558.0
I99,,I99,20140722,00:00:00,680.4431,686.6012,676.3005,677.7454,746710.0
I99,,I99,20140723,00:00:00,675.1223,680.0343,671.1226,674.9302,661662.0
I99,,I99,20140724,00:00:00,672.659,673.8879,665.3985,666.3284,757260.0
I99,,I99,20140725,00:00:00,667.9294,676.9869,666.6157,671.9876,725532.0
I99,,I99,20140728,00:00:00,673.9354,687.8763,672.5058,684.3344,842346.0
I99,,I99,20140729,00:00:00,688.7104,692.0483,684.319,686.3983,514792.0
I99,,I99,20140730,00:00:00,683.6141,685.1282,676.7334,679.1288,569248.0
I99,,I99,20140731,00:00:00,681.1089999999999,685.3436,678.007,682.0131,491072.0
I99,,I99,20140801,00:00:00,680.0105,682.5342,672.5341,674.7228,705934.0
I99,,I99,20140804,00:00:00,674.1853,687.2094,671.1858,686.2096,744786.0
I99,,I99,20140805,00:00:00,686.5583,692.6668,681.942,684.5611,795324.0
I99,,I99,20140806,00:00:00,682.4887,685.9526,679.1184,680.2180000000001,669128.0
I99,,I99,20140807,00:00:00,680.8094,687.4804,677.7419,678.5911,637532.0
I99,,I99,20140808,00:00:00,677.6409,680.3157,670.0593,675.5792,693834.0
I99,,I99,20140811,00:00:00,674.6306,678.6356,670.6466,671.4121,581388.0
I99,,I99,20140812,00:00:00,668.8261,669.946,664.9383,667.9382,512430.0
I99,,I99,20140813,00:00:00,666.4143,671.8483,659.928,661.7657,876626.0
I99,,I99,20140814,00:00:00,659.8385,661.8385,650.9545,653.0048,777126.0
I99,,I99,20140815,00:00:00,653.0758,665.3539999999999,652.9544,665.3539999999999,664058.0
I99,,I99,20140818,00:00:00,666.0389,666.3706,649.6395,649.7853,915020.0
I99,,I99,20140819,00:00:00,650.0235,656.4638,648.5355,653.7421,514012.0
I99,,I99,20140820,00:00:00,651.8822,656.5522,644.7337,645.6838,647854.0
I99,,I99,20140821,00:00:00,646.6265,649.3547,643.4803,646.3551,440278.0
I99,,I99,20140822,00:00:00,645.3235,650.414,640.7065,642.7974,551470.0
I99,,I99,20140825,00:00:00,641.7445,646.2176,638.2504,644.2179,618120.0
I99,,I99,20140826,00:00:00,647.0023,649.3882,641.0526,647.3515,425386.0
I99,,I99,20140827,00:00:00,648.2699,648.2705,635.2126,636.6068,678092.0
I99,,I99,20140828,00:00:00,635.5446,639.4082,619.0303,625.9891,1309014.0
I99,,I99,20140829,00:00:00,625.9289,631.126,623.2014,627.1865,734170.0
I99,,I99,20140901,00:00:00,626.4516,627.2883,617.3474,619.2809,786268.0
I99,,I99,20140902,00:00:00,619.2123,631.8596,617.3861,627.3889,1051956.0
I99,,I99,20140903,00:00:00,625.4734,625.5472,602.7405,604.7831,1280058.0
I99,,I99,20140904,00:00:00,604.7407,608.7521,593.7769999999999,593.9777,1097938.0
I99,,I99,20140905,00:00:00,594.4635,596.5083,583.2951,584.7107,1127502.0
I99,,I99,20140909,00:00:00,589.25,594.6898,583.0389,583.8074,689812.0
I99,,I99,20140910,00:00:00,581.9833,593.9888,567.9713,588.7271,1450628.0
I99,,I99,20140911,00:00:00,586.1315,588.9547,576.9915,583.8466,928564.0
I99,,I99,20140912,00:00:00,585.4473,590.4834,583.1353,588.8018,695620.0
I99,,I99,20140915,00:00:00,596.0186,602.5493,586.8566,596.7747,1261612.0
I99,,I99,20140916,00:00:00,598.0052,601.677,588.3398,596.6721,1127920.0
I99,,I99,20140917,00:00:00,600.099,603.0977,590.4164,596.0984,962312.0
I99,,I99,20140918,00:00:00,594.7545,595.0749,588.7546,589.7551,598164.0
I99,,I99,20140919,00:00:00,586.1315,586.1316,571.4462,574.4454,947366.0
I99,,I99,20140922,00:00:00,570.9942,571.6806,554.1173,554.1173,1281092.0
I99,,I99,20140923,00:00:00,550.6572,560.986,549.3243,556.9849,1290248.0
I99,,I99,20140924,00:00:00,555.29,563.9438,553.6291,558.614,720030.0
I99,,I99,20140925,00:00:00,558.5931,560.5736,545.5451,548.2228,1400686.0
I99,,I99,20140926,00:00:00,545.3606,559.5337,543.9609,554.3622,1440782.0
I99,,I99,20140929,00:00:00,553.1494,556.3063,531.1175,534.1175,1346724.0
I99,,I99,20140930,00:00:00,534.6623,543.3065,534.2033,539.5980000000001,628158.0
I99,,I99,20141008,00:00:00,547.8865,556.6224,530.7728,534.2368,663480.0
I99,,I99,20141009,00:00:00,534.5645,548.5035,533.0871,547.5035,1305576.0
I99,,I99,20141010,00:00:00,544.5443,557.3235,539.0385,555.2719999999999,1361030.0
I99,,I99,20141013,00:00:00,560.3163,569.4942,559.4944,569.4942,1036612.0
I99,,I99,20141014,00:00:00,571.2856,575.4786,566.8112,572.8617,1100686.0
I99,,I99,20141015,00:00:00,573.0791,574.0791,561.6727,563.7512,1439726.0
I99,,I99,20141016,00:00:00,552.9895,556.2522,542.9727,545.2722,1538876.0
I99,,I99,20141017,00:00:00,547.5367,553.7337,545.2947,551.4747,1049480.0
I99,,I99,20141020,00:00:00,551.6457,563.4564,550.9041,561.3328,1284778.0
I99,,I99,20141021,00:00:00,559.8941,567.1981,556.4675,559.2625,1171508.0
I99,,I99,20141022,00:00:00,560.6083,561.6084,548.631,550.9664,1322564.0
I99,,I99,20141023,00:00:00,546.1332,546.4656,532.9493,542.7749,2186902.0
I99,,I99,20141024,00:00:00,539.4214,546.0012,534.3472,543.0012,1395128.0
I99,,I99,20141027,00:00:00,540.5758,543.192,533.8459,536.6217,1034368.0
I99,,I99,20141028,00:00:00,535.5321,536.4989,529.9827,532.5682,716348.0
I99,,I99,20141029,00:00:00,533.04,537.6075,529.6074,535.3452,827716.0
I99,,I99,20141030,00:00:00,535.3077,547.3831,533.3077,542.2222,1507938.0
I99,,I99,20141031,00:00:00,539.8993,542.2283,535.4623,538.1435,946192.0
I99,,I99,20141103,00:00:00,534.9622,537.5294,525.2895,526.2701,1248694.0
I99,,I99,20141104,00:00:00,522.3156,529.5538,517.0429,524.7015,1415332.0
I99,,I99,20141105,00:00:00,521.5392,528.9299,514.4422,515.6236,1470754.0
I99,,I99,20141106,00:00:00,515.9948,517.7472,507.1633,510.2445,1170756.0
I99,,I99,20141107,00:00:00,510.8908,518.3585,509.2063,515.94,1372686.0
I99,,I99,20141110,00:00:00,515.3835,521.0153,513.9687,518.1057,1125534.0
I99,,I99,20141111,00:00:00,515.4128,516.9816,510.5691,513.9817,876484.0
I99,,I99,20141112,00:00:00,516.1934,518.3386,510.0652,511.32199999999995,822558.0
I99,,I99,20141113,00:00:00,509.7677,511.8864,506.7679,509.5703,852934.0
I99,,I99,20141114,00:00:00,507.4599,511.9803,505.7476,509.9804,634534.0
I99,,I99,20141117,00:00:00,511.23800000000006,512.72,507.5293,509.2381,693550.0
I99,,I99,20141118,00:00:00,506.1201,506.719,488.6218,489.0128,1524144.0
I99,,I99,20141119,00:00:00,486.3304,486.9417,471.4161,475.4466,1578416.0
I99,,I99,20141120,00:00:00,476.19800000000004,480.9075,474.9077,476.968,660964.0
I99,,I99,20141121,00:00:00,474.1455,477.6173,466.9295,476.3053,1380992.0
I99,,I99,20141124,00:00:00,481.9137,483.1365,470.2857,470.7531,1109208.0
I99,,I99,20141125,00:00:00,469.0689,469.1472,459.555,466.92900000000003,1444874.0
I99,,I99,20141126,00:00:00,463.93199999999996,469.4379,458.8076,467.4167,1712066.0
I99,,I99,20141127,00:00:00,469.2499,481.5245,468.2499,481.5245,1611542.0
I99,,I99,20141128,00:00:00,480.6679,490.8333,479.5008,485.9591,1710600.0
I99,,I99,20141201,00:00:00,478.7253,483.2735,470.30400000000003,480.1431,1539300.0
I99,,I99,20141202,00:00:00,488.3057,490.889,472.7592,475.9708,1366982.0
I99,,I99,20141203,00:00:00,474.8439,484.3347,472.2083,482.6991,1256262.0
I99,,I99,20141204,00:00:00,481.2004,495.69300000000004,481.0891,493.4148,2144628.0
I99,,I99,20141205,00:00:00,493.4728,493.4729,484.2909,490.5248,1334284.0
I99,,I99,20141208,00:00:00,489.0957,495.8142,478.8973,480.8495,1549540.0
I99,,I99,20141209,00:00:00,479.5744,488.1391,470.189,487.139,1866850.0
I99,,I99,20141210,00:00:00,485.1892,487.2822,474.7054,482.3727,1311924.0
I99,,I99,20141211,00:00:00,479.8067,489.6659,478.5196,479.2327,1274444.0
I99,,I99,20141212,00:00:00,478.51599999999996,488.76300000000003,477.852,488.7629,1004262.0
I99,,I99,20141215,00:00:00,487.1792,489.8839,481.5908,483.2568,885716.0
I99,,I99,20141216,00:00:00,478.2374,479.4989,472.2029,478.0222,912316.0
I99,,I99,20141217,00:00:00,476.2467,486.1127,474.5557,483.213,1114586.0
I99,,I99,20141218,00:00:00,485.6102,488.4262,483.4575,485.4574,885382.0
I99,,I99,20141219,00:00:00,487.7617,492.4767,486.2382,489.97,671382.0
I99,,I99,20141222,00:00:00,488.4145,489.4429,481.2845,483.2844,764208.0
I99,,I99,20141223,00:00:00,480.43199999999996,480.5087,470.0629,472.4887,868600.0
I99,,I99,20141224,00:00:00,472.6185,477.099,469.3955,476.3219,747746.0
I99,,I99,20141225,00:00:00,475.9158,479.101,471.7454,475.244,456840.0
I99,,I99,20141226,00:00:00,475.0818,477.91,472.1421,473.4945,334254.0
I99,,I99,20141229,00:00:00,474.27099999999996,484.8198,472.5385,484.0703,735210.0
I99,,I99,20141230,00:00:00,483.7757,498.2232,483.7757,498.2231,736616.0
I99,,I99,20141231,00:00:00,508.913,514.4706,501.8432,507.5993,1244962.0
I99,,I99,20150105,00:00:00,503.3839,504.3928,495.225,498.4279,677722.0
I99,,I99,20150106,00:00:00,496.2613,518.1632,494.4677,518.1423,1294552.0
I99,,I99,20150107,00:00:00,518.0467,518.8989,504.4894,511.1203,1050662.0
I99,,I99,20150108,00:00:00,511.9522,514.9384,504.2779,509.2594,741612.0
I99,,I99,20150109,00:00:00,510.9898,511.1716,503.8211,506.8156,976974.0
I99,,I99,20150112,00:00:00,504.8349,514.8283,494.2413,495.4392,1250152.0
I99,,I99,20150113,00:00:00,494.1357,500.131,491.1347,496.9257,617472.0
I99,,I99,20150114,00:00:00,494.4912,500.486,487.4964,493.9046,979002.0
I99,,I99,20150115,00:00:00,495.1173,504.871,491.2949,503.0787,805402.0
I99,,I99,20150116,00:00:00,502.4682,508.6832,499.1154,502.1152,691270.0
I99,,I99,20150119,00:00:00,500.62199999999996,506.83099999999996,493.2988,503.8343,890362.0
I99,,I99,20150120,00:00:00,502.7749,504.5467,496.7512,497.5527,429584.0
I99,,I99,20150121,00:00:00,497.9569,499.9632,480.751,481.7442,917606.0
I99,,I99,20150122,00:00:00,481.5392,488.9952,479.7967,482.7732,804206.0
I99,,I99,20150123,00:00:00,482.0379,484.7935,470.3547,472.3544,909382.0
I99,,I99,20150126,00:00:00,471.4349,473.1483,462.4356,466.4188,994848.0
I99,,I99,20150127,00:00:00,465.0336,470.2807,463.0166,465.9995,429556.0
I99,,I99,20150128,00:00:00,468.0079,470.0257,462.0443,467.0259,380108.0
I99,,I99,20150129,00:00:00,466.8152,473.7793,466.2445,471.7791,520396.0
I99,,I99,20150130,00:00:00,471.7345,473.455,468.0674,470.3465,291578.0
I99,,I99,20150202,00:00:00,471.316,472.73699999999997,467.0534,468.3516,328144.0
I99,,I99,20150203,00:00:00,467.9955,478.9542,467.9954,474.991,714404.0
I99,,I99,20150204,00:00:00,476.1976,483.18,466.912,468.5737,1062166.0
I99,,I99,20150205,00:00:00,471.1658,475.816,467.8703,471.8166,704612.0
I99,,I99,20150206,00:00:00,471.7537,477.3946,469.0013,475.4141,498514.0
I99,,I99,20150209,00:00:00,475.5075,477.4679,470.5082,473.1604,377916.0
I99,,I99,20150210,00:00:00,474.0669,477.7752,473.0868,477.421,149602.0
I99,,I99,20150211,00:00:00,479.0857,480.7683,474.4378,478.4171,248574.0
I99,,I99,20150212,00:00:00,477.7555,478.4031,472.7633,475.7414,223008.0
I99,,I99,20150213,00:00:00,476.5645,489.1698,475.5644,484.4469,653550.0
I99,,I99,20150216,00:00:00,483.6311,494.1714,483.0194,492.2175,397522.0
I99,,I99,20150217,00:00:00,491.7584,493.1275,484.3057,488.9592,218532.0
I99,,I99,20150225,00:00:00,486.0308,486.0308,474.44199999999995,475.4162,642874.0
I99,,I99,20150226,00:00:00,476.2351,485.8307,475.6381,484.8308,457934.0
I99,,I99,20150227,00:00:00,485.9231,488.314,479.7609,481.3697,573504.0
I99,,I99,20150302,00:00:00,480.5847,482.8726,474.333,481.1601,795996.0
I99,,I99,20150303,00:00:00,481.0339,484.0645,477.6503,482.2044,432600.0
I99,,I99,20150304,00:00:00,481.5463,482.5462,474.0375,475.4961,449254.0
I99,,I99,20150305,00:00:00,473.4537,473.9122,457.9133,457.9498,1144598.0
I99,,I99,20150306,00:00:00,456.7033,460.5713,447.5607,450.9671,833162.0
I99,,I99,20150309,00:00:00,450.6625,463.5663,449.074,457.1547,1104946.0
I99,,I99,20150310,00:00:00,457.0256,458.4709,452.4718,452.9172,372386.0
I99,,I99,20150311,00:00:00,451.7405,456.6908,449.4503,456.0456,541284.0
I99,,I99,20150312,00:00:00,455.7344,461.8842,452.6839,459.8846,628430.0
I99,,I99,20150313,00:00:00,459.8432,466.0975,454.8442,455.8441,589726.0
I99,,I99,20150316,00:00:00,454.9546,459.9541,452.24800000000005,458.9542,462396.0
I99,,I99,20150317,00:00:00,458.8458,459.8944,454.3263,454.6108,267594.0
I99,,I99,20150318,00:00:00,453.0095,453.9542,438.1683,438.4369,1308432.0
I99,,I99,20150319,00:00:00,436.599,443.7781,435.189,438.3663,792724.0
I99,,I99,20150320,00:00:00,438.3147,443.0329,430.2573,431.2572,771254.0
I99,,I99,20150323,00:00:00,430.9862,437.6789,427.8028,435.86300000000006,1695854.0
I99,,I99,20150324,00:00:00,437.7539,445.4653,435.6948,440.5223,1275684.0
I99,,I99,20150325,00:00:00,442.2729,443.3284,431.3853,432.3296,818614.0
I99,,I99,20150326,00:00:00,431.342,436.9535,425.7734,427.5992,1345366.0
I99,,I99,20150327,00:00:00,427.4934,429.1645,413.0697,421.1235,1843398.0
I99,,I99,20150330,00:00:00,421.4246,423.5264,407.8293,408.829,1400564.0
I99,,I99,20150331,00:00:00,408.0743,412.0014,399.8393,401.2597,1144498.0
I99,,I99,20150401,00:00:00,400.2067,402.1926,390.3439,391.5493,1514444.0
I99,,I99,20150402,00:00:00,388.1139,389.1149,380.1422,380.1424,1549122.0
I99,,I99,20150403,00:00:00,374.9134,388.7765,370.07,380.0015,2043742.0
I99,,I99,20150407,00:00:00,380.1786,388.889,379.0503,386.969,972748.0
I99,,I99,20150408,00:00:00,387.8018,393.6789,377.1009,391.6351,1713632.0
I99,,I99,20150409,00:00:00,389.6919,392.6097,376.9193,377.9193,1430202.0
I99,,I99,20150410,00:00:00,378.7897,379.8279,367.9123,369.8231,1510082.0
I99,,I99,20150413,00:00:00,371.5978,386.8851,369.7471,386.8512,2164894.0
I99,,I99,20150414,00:00:00,391.7609,399.5543,387.6135,395.6916,1796472.0
I99,,I99,20150415,00:00:00,398.5366,400.8283,386.1727,387.2629,1304290.0
I99,,I99,20150416,00:00:00,387.1523,400.2073,387.1522,395.358,1092116.0
I99,,I99,20150417,00:00:00,396.2121,401.3651,391.4217,394.4498,1239720.0
I99,,I99,20150420,00:00:00,393.6273,397.5521,386.6557,387.5776,1549136.0
I99,,I99,20150421,00:00:00,387.0622,390.0591,378.7629,388.1504,1513798.0
I99,,I99,20150422,00:00:00,388.9532,399.6734,386.1378,399.6734,1409032.0
I99,,I99,20150423,00:00:00,403.3362,406.6284,395.2686,399.8408,1876878.0
I99,,I99,20150424,00:00:00,403.5917,418.1252,403.1028,418.1136,2574226.0
I99,,I99,20150427,00:00:00,420.9518,436.5739,419.8319,434.3571,3116108.0
I99,,I99,20150428,00:00:00,433.5247,436.8453,423.0059,427.4683,2439416.0
I99,,I99,20150429,00:00:00,427.4116,429.5358,413.1669,413.2283,1988330.0
I99,,I99,20150430,00:00:00,409.50199999999995,419.7549,407.0035,413.7191,2484062.0
I99,,I99,20150504,00:00:00,416.8183,427.6426,410.3408,424.7988,1570204.0
I99,,I99,20150505,00:00:00,427.5623,436.1158,424.1159,433.5707,2696448.0
I99,,I99,20150506,00:00:00,435.0409,447.6435,433.01199999999994,445.3387,3087530.0
I99,,I99,20150507,00:00:00,444.2384,446.9413,430.6812,434.0806,2720676.0
I99,,I99,20150508,00:00:00,434.5046,443.5464,428.1249,436.6922,3575148.0
I99,,I99,20150511,00:00:00,438.8242,446.7783,436.1619,441.7428,2907750.0
I99,,I99,20150512,00:00:00,441.9556,445.7409,433.7666,436.8111,2605708.0
I99,,I99,20150513,00:00:00,438.8962,441.3155,428.29,428.8509,2486398.0
I99,,I99,20150514,00:00:00,429.3272,430.9574,418.5831,421.6394,3094096.0
I99,,I99,20150515,00:00:00,422.265,427.4,415.1158,427.3301,2847634.0
I99,,I99,20150518,00:00:00,426.3248,429.3977,422.4673,422.6066,1622504.0
I99,,I99,20150519,00:00:00,421.7045,423.8597,415.6571,416.5858,1764872.0
I99,,I99,20150520,00:00:00,415.5382,416.6775,409.4783,413.9729,2161102.0
I99,,I99,20150521,00:00:00,416.3504,425.1625,414.041,422.7253,2292914.0
I99,,I99,20150522,00:00:00,423.0068,423.6532,413.74699999999996,422.5823,2074760.0
I99,,I99,20150525,00:00:00,422.2017,429.3682,417.1526,428.86699999999996,2249846.0
I99,,I99,20150526,00:00:00,429.6788,439.0058,428.3743,432.2662,3178792.0
I99,,I99,20150527,00:00:00,432.0747,438.1409,429.2807,431.7147,2042612.0
I99,,I99,20150528,00:00:00,431.6427,435.2998,426.6434,429.0789,2120878.0
I99,,I99,20150529,00:00:00,427.2481,432.1653,420.3388,431.1714,2623764.0
I99,,I99,20150601,00:00:00,430.8783,441.3062,429.8178,440.4187,2469084.0
I99,,I99,20150602,00:00:00,441.3213,444.2424,435.0469,440.4522,2304154.0
I99,,I99,20150603,00:00:00,440.8266,442.4745,433.1437,433.5722,1924456.0
I99,,I99,20150604,00:00:00,433.6196,440.2973,431.6182,439.7967,2028616.0
I99,,I99,20150605,00:00:00,439.9877,441.1943,432.1165,435.2075,1658100.0
I99,,I99,20150608,00:00:00,435.9426,436.1275,429.5524,432.3013,982174.0
I99,,I99,20150609,00:00:00,431.44699999999995,438.4979,429.3716,431.6164,1548438.0
I99,,I99,20150610,00:00:00,432.9887,448.5654,432.5427,448.1335,2472434.0
I99,,I99,20150611,00:00:00,448.98,455.2264,444.4878,451.8796,3141450.0
I99,,I99,20150612,00:00:00,450.0792,451.0754,441.3052,442.2106,2741576.0
I99,,I99,20150615,00:00:00,442.2073,447.9793,441.3048,444.592,1579888.0
I99,,I99,20150616,00:00:00,442.7004,443.1914,431.4461,432.3007,2273538.0
I99,,I99,20150617,00:00:00,432.1827,433.38599999999997,420.12300000000005,420.4514,2994842.0
I99,,I99,20150618,00:00:00,421.1788,430.0444,419.6039,425.7482,2195356.0
I99,,I99,20150619,00:00:00,426.6437,429.9319,424.0188,428.01800000000003,1148516.0
I99,,I99,20150623,00:00:00,427.0502,428.7103,422.0036,427.7093,765722.0
I99,,I99,20150624,00:00:00,428.3078,441.2219,427.4182,440.6184,2170096.0
I99,,I99,20150625,00:00:00,440.25800000000004,441.1305,431.6341,431.8785,1699780.0
I99,,I99,20150626,00:00:00,431.0135,434.2578,425.5307,431.6479,1896898.0
I99,,I99,20150629,00:00:00,431.0399,431.9228,423.9286,423.9303,1830588.0
I99,,I99,20150630,00:00:00,422.8872,423.2536,410.1706,410.1706,2238216.0
I99,,I99,20150701,00:00:00,409.2624,411.9621,404.1425,405.5109,1783308.0
I99,,I99,20150702,00:00:00,405.4128,411.7675,401.3602,409.9243,2017080.0
I99,,I99,20150703,00:00:00,406.5736,411.9869,396.4866,401.5097,3040730.0
I99,,I99,20150706,00:00:00,399.8342,400.3141,387.7173,387.7177,1799288.0
I99,,I99,20150707,00:00:00,379.94599999999997,381.0947,368.7559,368.7561,2274418.0
I99,,I99,20150708,00:00:00,357.2459,357.9172,340.8296,340.8302,3766728.0
I99,,I99,20150709,00:00:00,332.7016,371.8958,329.5096,362.0555,4581478.0
I99,,I99,20150710,00:00:00,364.6439,370.1555,358.20599999999996,359.6292,3921290.0
I99,,I99,20150713,00:00:00,361.7042,366.9438,352.793,357.8244,3032948.0
I99,,I99,20150714,00:00:00,360.5249,368.4913,358.1124,362.1954,2490864.0
I99,,I99,20150715,00:00:00,362.915,366.8673,357.4947,361.3796,2171056.0
I99,,I99,20150716,00:00:00,359.7065,362.8138,353.1579,358.3846,2713540.0
I99,,I99,20150717,00:00:00,357.1015,361.3593,355.094,359.8097,1660998.0
I99,,I99,20150720,00:00:00,356.9006,371.8341,356.1723,371.7981,2706154.0
I99,,I99,20150721,00:00:00,372.2061,378.4865,368.594,371.3353,2613406.0
I99,,I99,20150722,00:00:00,370.6074,372.9545,358.5528,360.0678,2770602.0
I99,,I99,20150723,00:00:00,359.5343,366.7778,356.7711,363.0051,2134812.0
I99,,I99,20150724,00:00:00,362.3021,364.7957,356.9626,359.5881,2522054.0
I99,,I99,20150727,00:00:00,359.2455,370.8539,357.8742,364.7489,3187672.0
I99,,I99,20150728,00:00:00,364.0165,376.8201,358.2634,370.5496,3929560.0
I99,,I99,20150729,00:00:00,369.8071,379.3352,369.6547,379.3338,3411840.0
I99,,I99,20150730,00:00:00,382.3447,383.4377,371.2535,373.2536,3316664.0
I99,,I99,20150731,00:00:00,372.0786,380.6448,369.9854,376.9763,2921988.0
I99,,I99,20150803,00:00:00,376.5652,386.0728,372.7275,374.4991,4750550.0
I99,,I99,20150804,00:00:00,374.7687,380.5433,372.8077,378.6122,3040002.0
I99,,I99,20150805,00:00:00,379.1456,388.8682,378.1847,388.0278,3959984.0
I99,,I99,20150806,00:00:00,388.1639,388.1649,382.1683,383.6621,2748068.0
I99,,I99,20150807,00:00:00,382.4997,384.4328,375.1444,380.5707,2769194.0
I99,,I99,20150810,00:00:00,378.7328,380.5843,374.6278,378.2256,2044984.0
I99,,I99,20150811,00:00:00,377.1546,389.2708,376.333,379.8607,3387820.0
I99,,I99,20150812,00:00:00,377.4641,385.0466,375.1356,383.8517,2914884.0
I99,,I99,20150813,00:00:00,384.0105,394.0211,383.4266,393.2075,3876608.0
I99,,I99,20150814,00:00:00,391.7826,392.6154,387.6724,389.9523,2183240.0
I99,,I99,20150817,00:00:00,390.0947,394.4295,384.486,385.5901,2498530.0
I99,,I99,20150818,00:00:00,384.7801,391.7026,384.384,388.3566,2221612.0
I99,,I99,20150819,00:00:00,385.7709,387.2956,373.9936,380.5174,3518664.0
I99,,I99,20150820,00:00:00,379.8938,382.5929,375.0734,379.0779,2554260.0
I99,,I99,20150821,00:00:00,379.2849,383.5057,376.6424,381.5314,1941982.0
I99,,I99,20150824,00:00:00,380.4257,380.9544,363.8847,363.9415,2832008.0
I99,,I99,20150825,00:00:00,360.0567,367.1451,356.6111,361.7071,3593566.0
I99,,I99,20150826,00:00:00,368.1983,374.7966,361.6394,362.5809,2500108.0
I99,,I99,20150827,00:00:00,361.651,371.94199999999995,359.2899,371.7753,2105624.0
I99,,I99,20150828,00:00:00,371.9136,380.50199999999995,370.0318,380.5015,1644918.0
I99,,I99,20150831,00:00:00,382.7582,391.9081,376.4421,386.9076,3068980.0
I99,,I99,20150901,00:00:00,384.8834,392.9716,380.6887,385.98400000000004,3023840.0
I99,,I99,20150902,00:00:00,385.3953,390.3882,382.9652,388.4587,1843346.0
I99,,I99,20150907,00:00:00,389.6368,390.635,379.4459,381.0128,1853366.0
I99,,I99,20150908,00:00:00,382.0984,385.9505,375.3236,385.4505,2517300.0
I99,,I99,20150909,00:00:00,387.8353,398.7537,385.411,395.1125,4935036.0
I99,,I99,20150910,00:00:00,394.4522,410.3225,392.2964,406.3942,5088036.0
I99,,I99,20150911,00:00:00,404.9173,413.0544,401.2658,403.2657,4240514.0
I99,,I99,20150914,00:00:00,402.5238,406.6747,396.845,397.3455,2994652.0
I99,,I99,20150915,00:00:00,396.5741,399.9201,387.9611,388.9647,2910262.0
I99,,I99,20150916,00:00:00,389.1676,395.3263,387.1659,393.4052,3546670.0
I99,,I99,20150917,00:00:00,393.3679,395.1249,387.9514,389.7049,3484636.0
I99,,I99,20150918,00:00:00,390.0428,392.4587,383.3043,384.2178,2497538.0
I99,,I99,20150921,00:00:00,383.2632,389.7253,382.5857,386.4853,2428022.0
I99,,I99,20150922,00:00:00,386.3972,387.8046,376.4818,379.3039,2887538.0
I99,,I99,20150923,00:00:00,377.5262,379.1316,367.1872,373.6822,3836722.0
I99,,I99,20150924,00:00:00,373.1344,375.1443,369.9607,372.1455,1605466.0
I99,,I99,20150925,00:00:00,370.5349,379.4391,368.3327,375.3499,3455066.0
I99,,I99,20150928,00:00:00,373.7962,374.3246,359.6158,360.9882,2361648.0
I99,,I99,20150929,00:00:00,358.0246,363.3499,353.0859,359.2604,2597434.0
I99,,I99,20150930,00:00:00,360.4166,361.1487,356.5369,357.8143,1102352.0
I99,,I99,20151008,00:00:00,363.3205,370.7775,360.1554,365.0793,1612358.0
I99,,I99,20151009,00:00:00,365.2847,383.792,364.2265,381.9627,2932678.0
I99,,I99,20151012,00:00:00,380.3628,380.9504,367.7819,370.5603,3364838.0
I99,,I99,20151013,00:00:00,369.7273,370.6893,362.8689,367.5607,2509362.0
I99,,I99,20151014,00:00:00,367.5648,372.0163,365.7877,366.9329,2379548.0
I99,,I99,20151015,00:00:00,367.5304,370.4932,365.0976,366.8833,2188286.0
I99,,I99,20151016,00:00:00,365.2576,366.3623,359.8273,360.352,2942898.0
I99,,I99,20151019,00:00:00,360.5086,364.7492,359.5621,362.0112,2467164.0
I99,,I99,20151020,00:00:00,360.7043,366.3975,360.195,362.1597,2395310.0
I99,,I99,20151021,00:00:00,362.3808,364.324,356.1421,356.5398,2929838.0
I99,,I99,20151022,00:00:00,355.4847,361.5449,353.7826,358.2104,2262186.0
I99,,I99,20151023,00:00:00,358.1644,360.8759,354.93300000000005,360.7067,2011614.0
I99,,I99,20151026,00:00:00,361.3528,361.8525,355.166,355.5235,2071756.0
I99,,I99,20151027,00:00:00,354.8392,356.9741,349.8534,354.779,2811580.0
I99,,I99,20151028,00:00:00,354.8805,356.1849,346.8976,348.0936,2537014.0
I99,,I99,20151029,00:00:00,348.2457,350.2272,345.8355,348.5692,2605534.0
I99,,I99,20151030,00:00:00,349.5864,354.3407,348.3547,352.4541,3116924.0
I99,,I99,20151102,00:00:00,352.2941,354.3274,348.7676,349.6833,2127750.0
I99,,I99,20151103,00:00:00,348.5553,348.8979,337.3922,340.7951,4088510.0
I99,,I99,20151104,00:00:00,340.4355,345.3408,339.1489,344.1829,2481426.0
I99,,I99,20151105,00:00:00,344.1978,348.5018,339.8789,340.0447,2765232.0
I99,,I99,20151106,00:00:00,338.0041,343.6997,336.7466,341.8144,2703302.0
I99,,I99,20151109,00:00:00,341.25,345.0181,337.9466,342.33,2675874.0
I99,,I99,20151110,00:00:00,342.6654,343.8835,338.7006,340.8514,1727088.0
I99,,I99,20151111,00:00:00,340.6628,341.6239,337.4426,337.5893,1402756.0
I99,,I99,20151112,00:00:00,336.8192,340.2543,334.8342,336.8931,1903036.0
I99,,I99,20151113,00:00:00,336.1875,341.7222,335.4396,338.8499,1972534.0
I99,,I99,20151116,00:00:00,337.1443,341.1915,333.3322,334.6053,2146102.0
I99,,I99,20151117,00:00:00,334.2486,335.8863,327.6126,328.8216,2920186.0
I99,,I99,20151118,00:00:00,327.7434,328.9434,323.494,326.4438,2126848.0
I99,,I99,20151119,00:00:00,325.3524,325.7972,313.0995,316.8913,3103166.0
I99,,I99,20151120,00:00:00,315.475,320.2225,313.8475,316.5939,2682310.0
I99,,I99,20151123,00:00:00,315.3531,318.1874,311.0889,312.1073,2453238.0
I99,,I99,20151124,00:00:00,310.3932,314.1511,306.1381,312.0093,3481312.0
I99,,I99,20151125,00:00:00,310.5965,316.6439,309.043,314.2784,2825410.0
I99,,I99,20151126,00:00:00,313.2534,326.4627,310.5668,313.684,4589140.0
I99,,I99,20151127,00:00:00,313.2899,314.89,309.16900000000004,310.8606,1946242.0
I99,,I99,20151130,00:00:00,309.6552,310.7864,300.6924,301.9072,2571562.0
I99,,I99,20151201,00:00:00,300.5646,301.903,296.3061,298.565,2336194.0
I99,,I99,20151202,00:00:00,294.5484,300.0695,291.689,296.716,4341546.0
I99,,I99,20151203,00:00:00,295.2894,299.2159,292.1993,293.5235,2714370.0
I99,,I99,20151204,00:00:00,292.6895,295.0857,286.7841,291.1059,3501790.0
I99,,I99,20151207,00:00:00,291.4086,296.7313,289.3547,294.5583,2493874.0
I99,,I99,20151208,00:00:00,293.6273,294.7819,286.2804,287.6846,2030320.0
I99,,I99,20151209,00:00:00,286.8366,290.2877,285.2368,287.42900000000003,1548564.0
I99,,I99,20151210,00:00:00,287.5845,289.7732,282.4231,284.262,2151080.0
I99,,I99,20151211,00:00:00,284.6158,288.6691,283.0035,287.9272,2111558.0
I99,,I99,20151214,00:00:00,287.8611,293.8532,285.3995,291.1161,2922614.0
I99,,I99,20151215,00:00:00,290.5582,298.5429,288.8573,289.4131,3843796.0
I99,,I99,20151216,00:00:00,289.4172,294.1423,287.9481,293.5323,1958224.0
I99,,I99,20151217,00:00:00,294.2495,296.747,292.3418,293.4509,2752328.0
I99,,I99,20151218,00:00:00,293.6202,302.1114,292.9624,300.6123,2887876.0
I99,,I99,20151221,00:00:00,301.5096,311.1536,300.5182,309.6228,4384528.0
I99,,I99,20151222,00:00:00,308.9072,311.1573,303.5558,309.0085,3276874.0
I99,,I99,20151223,00:00:00,308.0945,309.1321,302.5599,304.0498,2462052.0
I99,,I99,20151224,00:00:00,304.23400000000004,309.4371,303.4768,305.5987,2561170.0
I99,,I99,20151225,00:00:00,305.42900000000003,307.1807,304.2219,305.8056,1045812.0
I99,,I99,20151228,00:00:00,305.5167,310.7375,304.2931,309.2652,2646226.0
I99,,I99,20151229,00:00:00,309.1992,316.3446,307.7624,315.5194,3514166.0
I99,,I99,20151230,00:00:00,315.2182,323.903,314.8314,320.1486,3653142.0
I99,,I99,20151231,00:00:00,319.5048,328.7171,318.0427,320.7895,4048576.0
I99,,I99,20160104,00:00:00,324.1968,326.2684,318.0294,320.0778,3263308.0
I99,,I99,20160105,00:00:00,319.6962,324.2503,317.7767,322.8753,2786368.0
I99,,I99,20160106,00:00:00,322.8286,323.8062,314.0974,316.7923,3084112.0
I99,,I99,20160107,00:00:00,315.7486,321.3135,315.0053,318.138,2538720.0
I99,,I99,20160108,00:00:00,317.1227,317.2177,309.0159,310.0996,2974770.0
I99,,I99,20160111,00:00:00,309.6023,311.0709,302.6524,303.1826,2443912.0
I99,,I99,20160112,00:00:00,303.1504,304.7282,297.0986,297.9735,2068604.0
I99,,I99,20160113,00:00:00,298.4025,303.7955,295.9031,298.2898,2138388.0
I99,,I99,20160114,00:00:00,299.3313,302.6677,295.98,302.4721,2548268.0
I99,,I99,20160115,00:00:00,302.5254,308.2488,301.5231,303.84,3116440.0
I99,,I99,20160118,00:00:00,303.7021,318.3148,300.9926,315.9107,4469030.0
I99,,I99,20160119,00:00:00,315.8296,320.2921,313.7748,318.7808,2477656.0
I99,,I99,20160120,00:00:00,317.9042,318.7922,310.2267,310.7226,2269848.0
I99,,I99,20160121,00:00:00,310.1294,313.0112,307.7248,310.5058,2569046.0
I99,,I99,20160122,00:00:00,309.7428,319.9943,309.1367,312.0376,4110978.0
I99,,I99,20160125,00:00:00,312.6314,315.6955,309.03,310.022,2772132.0
I99,,I99,20160126,00:00:00,309.295,315.466,306.8047,314.5729,2685800.0
I99,,I99,20160127,00:00:00,315.856,322.4621,314.8634,320.8648,3607472.0
I99,,I99,20160128,00:00:00,320.5563,322.7713,314.7818,315.2815,3570908.0
I99,,I99,20160129,00:00:00,315.6855,319.0929,314.7928,317.5935,2529342.0
I99,,I99,20160201,00:00:00,318.2791,326.4115,318.1915,321.1902,3703026.0
I99,,I99,20160202,00:00:00,321.8282,324.2274,319.3493,321.7384,2855472.0
I99,,I99,20160203,00:00:00,323.215,327.1141,320.6347,325.2254,2372524.0
I99,,I99,20160204,00:00:00,325.6536,336.9849,325.1536,336.2799,3726872.0
I99,,I99,20160205,00:00:00,335.5926,336.093,328.1062,330.8674,1904430.0
I99,,I99,20160215,00:00:00,326.1576,336.9349,325.5368,334.5505,1608058.0
I99,,I99,20160216,00:00:00,335.3614,336.389,332.0058,333.7596,1753434.0
I99,,I99,20160217,00:00:00,334.1403,337.7692,332.4036,333.49300000000005,2536952.0
I99,,I99,20160218,00:00:00,333.598,338.8678,331.11199999999997,338.0702,2620194.0
I99,,I99,20160219,00:00:00,339.0145,347.744,337.4273,345.7646,3689742.0
I99,,I99,20160222,00:00:00,344.963,358.3249,344.0772,358.3248,3089102.0
I99,,I99,20160223,00:00:00,361.0129,371.0064,356.3027,360.0495,5420356.0
I99,,I99,20160224,00:00:00,360.4905,366.08,358.6245,364.0553,4997416.0
I99,,I99,20160225,00:00:00,363.0569,368.0485,358.9743,361.6838,4723148.0
I99,,I99,20160226,00:00:00,361.2783,362.6357,352.6721,356.4044,4436958.0
I99,,I99,20160229,00:00:00,356.8466,362.2212,352.6715,362.2013,4782348.0
I99,,I99,20160301,00:00:00,362.5265,373.059,359.6385,369.2437,6945684.0
I99,,I99,20160302,00:00:00,369.2002,379.0658,368.8115,377.6153,5772406.0
I99,,I99,20160303,00:00:00,378.7673,383.1264,372.9033,375.24300000000005,4856274.0
I99,,I99,20160304,00:00:00,376.12,387.9524,371.9145,387.3185,7288060.0
I99,,I99,20160307,00:00:00,388.0379,398.18699999999995,386.0496,398.18699999999995,2809284.0
I99,,I99,20160308,00:00:00,413.4107,413.4119,405.7442,413.4113,3381166.0
I99,,I99,20160309,00:00:00,418.7657,421.3082,392.824,407.5536,9776136.0
I99,,I99,20160310,00:00:00,409.8137,429.6777,409.3434,420.6677,10458552.0
I99,,I99,20160311,00:00:00,414.849,421.9022,404.7412,409.8492,6957836.0
I99,,I99,20160314,00:00:00,402.6781,433.9187,400.5253,404.2139,7564796.0
I99,,I99,20160315,00:00:00,399.111,406.7751,390.4577,392.6287,6778402.0
I99,,I99,20160316,00:00:00,389.1757,402.2934,388.8654,401.2036,5371264.0
I99,,I99,20160317,00:00:00,402.2309,417.2313,397.336,416.2277,7520648.0
I99,,I99,20160318,00:00:00,412.8392,428.7009,411.2245,427.782,7122940.0
I99,,I99,20160321,00:00:00,425.4448,443.7981,421.7843,433.3405,9188318.0
I99,,I99,20160322,00:00:00,433.1424,436.6429,423.0544,426.6826,6988422.0
I99,,I99,20160323,00:00:00,423.5393,431.6051,415.7686,418.1614,7063866.0
I99,,I99,20160324,00:00:00,415.9824,416.4852,396.4547,396.4548,6978338.0
I99,,I99,20160325,00:00:00,390.6132,399.8592,389.3225,398.2063,4973580.0
I99,,I99,20160328,00:00:00,398.0894,404.712,381.9962,382.9571,7107480.0
I99,,I99,20160329,00:00:00,384.5982,388.0556,375.6872,383.4021,5870240.0
I99,,I99,20160330,00:00:00,383.8966,391.1639,378.2599,383.7171,6565448.0
I99,,I99,20160331,00:00:00,382.5179,388.3674,375.3384,383.08,5089720.0
I99,,I99,20160401,00:00:00,383.6192,393.4074,383.1694,388.6525,4731790.0
I99,,I99,20160405,00:00:00,390.2799,391.1634,374.6065,384.5326,3646870.0
I99,,I99,20160406,00:00:00,383.4594,386.3485,371.1809,377.3523,3796562.0
I99,,I99,20160407,00:00:00,377.2004,384.2584,375.7033,379.4821,3254510.0
I99,,I99,20160408,00:00:00,377.7623,381.1018,374.7567,378.6949,3018186.0
I99,,I99,20160411,00:00:00,378.8047,395.50800000000004,378.2214,389.2007,5139130.0
I99,,I99,20160412,00:00:00,390.8914,410.4136,390.4008,410.4126,6020824.0
I99,,I99,20160413,00:00:00,414.4103,424.79900000000004,412.0082,418.9588,6517908.0
I99,,I99,20160414,00:00:00,418.708,431.6391,414.4281,417.1735,6625044.0
I99,,I99,20160415,00:00:00,415.4164,419.3613,403.8406,407.1071,7123370.0
I99,,I99,20160418,00:00:00,405.7366,434.0674,402.0691,423.7358,6493558.0
I99,,I99,20160419,00:00:00,424.9098,433.3301,421.4333,431.7937,6902584.0
I99,,I99,20160420,00:00:00,433.1001,452.4432,432.9919,452.4419,7409944.0
I99,,I99,20160421,00:00:00,454.3974,471.2084,445.985,471.2081,6959440.0
I99,,I99,20160422,00:00:00,477.3516,489.8896,455.0669,470.1354,6955024.0
I99,,I99,20160425,00:00:00,464.7261,498.3163,456.435,467.4482,5263608.0
I99,,I99,20160426,00:00:00,465.3626,468.142,446.8266,446.9144,3503054.0
I99,,I99,20160427,00:00:00,450.3964,450.7403,428.3151,430.7721,2555088.0
I99,,I99,20160428,00:00:00,431.4523,442.3459,420.2153,441.5608,2525514.0
I99,,I99,20160429,00:00:00,443.4761,457.519,441.7966,457.517,1911268.0
I99,,I99,20160503,00:00:00,456.6389,456.8213,426.3353,437.1575,1643302.0
I99,,I99,20160504,00:00:00,433.5354,438.9534,422.2036,429.9085,1898424.0
I99,,I99,20160505,00:00:00,430.208,433.7522,405.8802,408.4134,2296030.0
I99,,I99,20160506,00:00:00,410.1859,415.6091,400.7427,413.5464,2430762.0
I99,,I99,20160509,00:00:00,414.3672,421.9022,383.8658,383.8684,2808742.0
I99,,I99,20160510,00:00:00,379.5717,385.9187,375.1326,381.2688,2259162.0
I99,,I99,20160511,00:00:00,383.4152,388.2978,373.0193,380.7943,2240652.0
I99,,I99,20160512,00:00:00,382.3311,384.2561,368.51800000000003,369.1028,1760182.0
I99,,I99,20160513,00:00:00,367.915,370.7176,356.3265,358.6353,2273938.0
I99,,I99,20160516,00:00:00,358.2171,368.63800000000003,356.4308,362.2385,1841972.0
I99,,I99,20160517,00:00:00,363.3229,382.1431,360.6418,379.6502,1910618.0
I99,,I99,20160518,00:00:00,378.0461,385.2174,362.1271,366.1073,2538750.0
I99,,I99,20160519,00:00:00,364.9974,371.1473,357.4206,360.9082,1919556.0
I99,,I99,20160520,00:00:00,358.93300000000005,372.4799,357.3191,369.1078,1960544.0
I99,,I99,20160523,00:00:00,368.8819,370.6185,343.6407,346.8146,2467102.0
I99,,I99,20160524,00:00:00,346.5631,347.3605,338.3276,344.2398,1582530.0
I99,,I99,20160525,00:00:00,345.7061,348.2043,334.0806,336.041,1745728.0
I99,,I99,20160526,00:00:00,336.9113,341.6625,331.9706,339.0539,2285388.0
I99,,I99,20160527,00:00:00,339.991,347.9214,329.7923,343.8224,3358336.0
I99,,I99,20160530,00:00:00,343.7193,345.9034,327.2941,341.0518,2476666.0
I99,,I99,20160531,00:00:00,341.8399,346.7695,337.4917,338.0432,2057642.0
I99,,I99,20160601,00:00:00,338.1263,342.1013,334.6759,341.8151,1583258.0
I99,,I99,20160602,00:00:00,338.5618,343.8492,336.1746,337.3336,1343678.0
I99,,I99,20160603,00:00:00,336.9967,345.3751,336.2881,340.7839,1186878.0
I99,,I99,20160606,00:00:00,343.82,359.4857,341.3933,359.0719,1910010.0
I99,,I99,20160607,00:00:00,359.3201,366.1429,356.0256,361.1194,1493584.0
I99,,I99,20160608,00:00:00,360.7622,365.5961,353.8427,357.8733,1405712.0
I99,,I99,20160613,00:00:00,357.023,370.8482,355.1435,364.5532,1479658.0
I99,,I99,20160614,00:00:00,363.5082,368.0508,347.4867,347.9862,1785494.0
I99,,I99,20160615,00:00:00,348.9665,354.8343,347.542,351.8431,1046480.0
I99,,I99,20160616,00:00:00,354.1018,363.3968,352.0177,357.5696,1288242.0
I99,,I99,20160617,00:00:00,356.8202,364.1136,352.9119,363.7527,1365918.0
I99,,I99,20160620,00:00:00,364.8241,367.7823,359.6969,361.0598,1164404.0
I99,,I99,20160621,00:00:00,360.1679,370.13800000000003,359.629,365.2462,1189326.0
I99,,I99,20160622,00:00:00,365.3882,378.9364,363.6569,377.4671,1745126.0
I99,,I99,20160623,00:00:00,378.1907,382.9422,375.8194,378.6598,1259354.0
I99,,I99,20160624,00:00:00,379.5964,385.0471,372.1073,375.6071,1642808.0
I99,,I99,20160627,00:00:00,377.5743,401.3956,376.4185,401.3952,1944858.0
I99,,I99,20160628,00:00:00,402.24800000000005,412.7469,397.5906,409.0269,1946492.0
I99,,I99,20160629,00:00:00,409.05,414.5188,403.0624,409.1285,1570156.0
I99,,I99,20160630,00:00:00,407.0758,421.5695,406.1065,418.6597,1964954.0
I99,,I99,20160701,00:00:00,418.0082,420.4725,402.5466,410.9955,1851860.0
I99,,I99,20160704,00:00:00,410.1121,429.9576,409.7626,426.9603,2255448.0
I99,,I99,20160705,00:00:00,428.2982,436.9102,411.94199999999995,429.6487,2574820.0
I99,,I99,20160706,00:00:00,426.8984,431.5834,406.8434,416.1554,2526802.0
I99,,I99,20160707,00:00:00,413.3715,427.0114,408.4391,414.7409,2297246.0
I99,,I99,20160708,00:00:00,414.6991,419.9098,404.1024,418.0999,2314572.0
I99,,I99,20160711,00:00:00,419.7672,422.1908,406.8401,416.9137,1807454.0
I99,,I99,20160712,00:00:00,418.8419,439.6786,414.8739,439.3453,2315144.0
I99,,I99,20160713,00:00:00,442.0823,451.6726,436.4262,442.5718,2113782.0
I99,,I99,20160714,00:00:00,444.1977,449.9761,437.1986,449.1644,1637996.0
I99,,I99,20160715,00:00:00,445.2576,448.8555,439.6545,446.1436,1410962.0
I99,,I99,20160718,00:00:00,445.1497,447.1035,415.4697,415.4699,2105372.0
I99,,I99,20160719,00:00:00,415.1486,418.8574,404.254,408.4556,1633788.0
I99,,I99,20160720,00:00:00,407.9492,412.6976,403.7168,407.9875,1203630.0
I99,,I99,20160721,00:00:00,408.1894,432.1528,403.6907,430.4412,1875976.0
I99,,I99,20160722,00:00:00,428.1645,431.0875,409.0802,411.4655,2045338.0
I99,,I99,20160725,00:00:00,411.916,427.4012,407.6071,423.5612,1801578.0
I99,,I99,20160726,00:00:00,423.0032,427.2452,416.3495,426.4721,1496368.0
I99,,I99,20160727,00:00:00,428.2119,446.4592,427.084,446.4585,2396156.0
I99,,I99,20160728,00:00:00,447.9472,455.0987,442.5186,453.4873,1986994.0
I99,,I99,20160729,00:00:00,453.978,456.4162,438.1119,440.9347,1937208.0
I99,,I99,20160801,00:00:00,441.2232,465.8524,435.4219,464.4438,2289346.0
I99,,I99,20160802,00:00:00,461.824,466.7643,456.54699999999997,463.7595,1511860.0
I99,,I99,20160803,00:00:00,464.3202,465.1909,456.6339,461.5672,1273340.0
I99,,I99,20160804,00:00:00,459.7022,461.414,441.1335,449.3643,1931348.0
I99,,I99,20160805,00:00:00,450.157,471.0565,449.2974,468.2211,2256802.0
I99,,I99,20160808,00:00:00,466.9605,477.7529,462.5342,476.5254,1601350.0
I99,,I99,20160809,00:00:00,475.4271,482.702,466.0832,473.7678,1870438.0
I99,,I99,20160810,00:00:00,469.2185,473.4311,456.5799,462.7572,2188334.0
I99,,I99,20160811,00:00:00,456.7038,460.0313,442.5521,448.6543,2120014.0
I99,,I99,20160812,00:00:00,443.0124,448.3511,438.8203,445.5321,1617550.0
I99,,I99,20160815,00:00:00,439.0733,442.1412,424.1892,432.404,2262824.0
I99,,I99,20160816,00:00:00,429.8741,448.2057,426.61699999999996,444.4728,2028904.0
I99,,I99,20160817,00:00:00,441.5417,449.07300000000004,430.9882,431.6238,1953260.0
I99,,I99,20160818,00:00:00,429.7764,443.4807,426.7369,440.1106,2175722.0
I99,,I99,20160819,00:00:00,438.7343,448.1861,432.1726,446.2414,1928726.0
I99,,I99,20160822,00:00:00,444.7949,450.3555,441.291,444.12800000000004,1611468.0
I99,,I99,20160823,00:00:00,443.185,457.3695,440.79900000000004,455.8307,1626336.0
I99,,I99,20160824,00:00:00,455.8191,459.7243,450.9859,455.478,1401356.0
I99,,I99,20160825,00:00:00,454.6934,456.8087,428.3852,441.2387,2656324.0
I99,,I99,20160826,00:00:00,440.9292,441.8256,429.6144,430.0714,2009952.0
I99,,I99,20160829,00:00:00,429.2109,429.3521,413.3745,419.5491,2257586.0
I99,,I99,20160830,00:00:00,420.7882,424.0537,412.6555,415.9204,1904520.0
I99,,I99,20160831,00:00:00,417.0034,418.7208,407.4215,409.7745,2023608.0
I99,,I99,20160901,00:00:00,409.1061,416.1883,404.8912,414.1021,1764386.0
I99,,I99,20160902,00:00:00,413.8931,428.1426,412.4324,415.9779,2200790.0
I99,,I99,20160905,00:00:00,416.9626,424.9562,413.1164,415.1667,2040434.0
I99,,I99,20160906,00:00:00,416.1763,426.4562,414.1873,420.5416,1912632.0
I99,,I99,20160907,00:00:00,420.3647,421.7061,402.9815,403.9762,2412118.0
I99,,I99,20160908,00:00:00,403.4014,408.5707,398.8424,404.5086,1768198.0
I99,,I99,20160909,00:00:00,403.6259,406.0334,398.2317,404.5403,1417552.0
I99,,I99,20160912,00:00:00,404.9529,410.2634,392.7534,394.1646,1933114.0
I99,,I99,20160913,00:00:00,393.5137,396.9144,384.6931,389.4985,1649378.0
I99,,I99,20160914,00:00:00,389.6533,391.5622,386.1538,389.1538,1156638.0
I99,,I99,20160919,00:00:00,381.5024,389.8933,378.0877,388.9775,1057390.0
I99,,I99,20160920,00:00:00,388.1666,397.9821,387.788,392.7917,1518074.0
I99,,I99,20160921,00:00:00,392.6842,395.9552,390.155,393.8613,1155100.0
I99,,I99,20160922,00:00:00,393.5624,414.4217,392.7689,402.6598,2280814.0
I99,,I99,20160923,00:00:00,404.9092,409.1041,402.7242,408.2225,1328634.0
I99,,I99,20160926,00:00:00,408.12300000000005,413.8072,402.5614,405.7219,1646734.0
I99,,I99,20160927,00:00:00,405.76199999999994,406.969,395.7453,400.1042,1387482.0
I99,,I99,20160928,00:00:00,399.5853,406.9952,397.4849,406.841,1214562.0
I99,,I99,20160929,00:00:00,407.3675,419.6264,405.6084,406.9987,1815790.0
I99,,I99,20160930,00:00:00,405.7423,407.4257,395.6796,397.5868,1130954.0
I99,,I99,20161010,00:00:00,398.2746,406.4844,391.5011,405.6045,1311054.0
I99,,I99,20161011,00:00:00,407.5043,414.9263,405.7174,414.9257,1587730.0
I99,,I99,20161012,00:00:00,414.8873,422.0103,411.2882,420.1267,1696480.0
I99,,I99,20161013,00:00:00,420.0585,421.4416,414.9591,419.0587,1323442.0
I99,,I99,20161014,00:00:00,418.839,436.3648,416.2182,429.7451,1868554.0
I99,,I99,20161017,00:00:00,427.4761,437.81199999999995,426.3393,433.6127,1537802.0
I99,,I99,20161018,00:00:00,432.2478,432.986,423.2883,429.3056,1426668.0
I99,,I99,20161019,00:00:00,430.6287,441.4589,424.1481,427.6092,2203030.0
I99,,I99,20161020,00:00:00,429.2539,438.0582,426.7925,434.233,1663106.0
I99,,I99,20161021,00:00:00,435.3269,437.9801,426.1571,434.4262,1420796.0
I99,,I99,20161024,00:00:00,433.73199999999997,444.04699999999997,428.4594,442.9147,1749018.0
I99,,I99,20161025,00:00:00,443.917,461.1667,443.1677,461.1663,1699524.0
I99,,I99,20161026,00:00:00,464.0109,474.1173,452.1806,461.491,2324678.0
I99,,I99,20161027,00:00:00,462.6128,472.1593,454.1095,466.655,2131272.0
I99,,I99,20161028,00:00:00,466.6438,484.8176,462.9901,481.47900000000004,2178958.0
I99,,I99,20161031,00:00:00,480.4712,490.2184,475.29699999999997,489.8308,1932894.0
I99,,I99,20161101,00:00:00,490.4194,495.1462,481.1488,489.7889,1784686.0
I99,,I99,20161102,00:00:00,490.00800000000004,495.5415,476.1828,478.5363,2003924.0
I99,,I99,20161103,00:00:00,478.3551,486.9474,474.95099999999996,486.94699999999995,1531294.0
I99,,I99,20161104,00:00:00,486.4868,496.0782,482.6041,486.6036,2137382.0
I99,,I99,20161107,00:00:00,486.25,515.6378,478.5573,506.0466,3131056.0
I99,,I99,20161108,00:00:00,506.1227,513.3525,494.0958,503.3654,2692476.0
I99,,I99,20161109,00:00:00,502.3501,534.361,501.2968,534.3609,1995962.0
I99,,I99,20161110,00:00:00,542.7161,569.1941,541.0,568.9956,2558774.0
I99,,I99,20161111,00:00:00,571.9674,594.5229,569.3192,594.5225,1632456.0
I99,,I99,20161114,00:00:00,607.7599,627.7415,574.5538,602.4825,3861584.0
I99,,I99,20161115,00:00:00,602.1563,608.2974,569.2087,569.2087,1801856.0
I99,,I99,20161116,00:00:00,551.0135,562.5182,540.6162,555.135,2119540.0
I99,,I99,20161117,00:00:00,557.273,560.7067,526.6943,554.1357,2286974.0
I99,,I99,20161118,00:00:00,554.4742,559.2404,521.9314,527.3893,2302430.0
I99,,I99,20161121,00:00:00,527.5458,539.7084,509.0523,528.1971,2494530.0
I99,,I99,20161122,00:00:00,526.1816,552.0613,526.1355,552.0603,1476204.0
I99,,I99,20161123,00:00:00,565.6327,585.7972,563.242,585.7967,2332804.0
I99,,I99,20161124,00:00:00,582.0547,626.4907,565.913,593.5397,2912220.0
I99,,I99,20161125,00:00:00,591.0762,626.0203,587.3059,624.8835,2806794.0
I99,,I99,20161128,00:00:00,624.9664,640.2117,605.1424,630.895,2635124.0
I99,,I99,20161129,00:00:00,626.9155,637.0297,584.1172,585.3265,2727842.0
I99,,I99,20161130,00:00:00,582.8217,585.4218,561.2316,561.2321,1657770.0
I99,,I99,20161201,00:00:00,559.5728,608.341,554.0406,600.3193,2606182.0
I99,,I99,20161202,00:00:00,601.757,606.4447,554.1321,579.1308,3217232.0
I99,,I99,20161205,00:00:00,580.0119,614.1332,567.7635,607.5883,2621104.0
I99,,I99,20161206,00:00:00,607.8421,619.7196,596.525,606.6375,2046352.0
I99,,I99,20161207,00:00:00,606.9694,649.9098,603.8284,645.9549,2242556.0
I99,,I99,20161208,00:00:00,645.2323,654.6225,619.6001,636.28,2177514.0
I99,,I99,20161209,00:00:00,635.464,636.4951,594.9717,618.8399,2647120.0
I99,,I99,20161212,00:00:00,619.2849,656.8781,606.7065,635.9613,2104128.0
I99,,I99,20161213,00:00:00,635.4939,645.7448,626.2786,645.2616,1722654.0
I99,,I99,20161214,00:00:00,641.5215,641.9331,597.1506,604.1312,2813738.0
I99,,I99,20161215,00:00:00,602.4784,619.8417,590.2795,607.2394,2200354.0
I99,,I99,20161216,00:00:00,604.0987,611.8004,589.2984,590.2985,1724806.0
I99,,I99,20161219,00:00:00,585.0522,588.1584,557.9613,558.8074,1889710.0
I99,,I99,20161220,00:00:00,559.3287,573.7722,556.8293,566.0693,1648070.0
I99,,I99,20161221,00:00:00,567.376,573.4209999999999,551.4536,570.3986,1630202.0
I99,,I99,20161222,00:00:00,569.9076,570.1858,539.2288,540.3533,1673632.0
I99,,I99,20161223,00:00:00,539.2667,551.8929,537.3162,545.3893,1532452.0
I99,,I99,20161226,00:00:00,543.0587,554.4933,524.9571,549.4981,2237798.0
I99,,I99,20161227,00:00:00,548.9012,558.3852,532.4035,555.0606,1951842.0
I99,,I99,20161228,00:00:00,554.451,569.4058,548.5152,558.9022,1848152.0
I99,,I99,20161229,00:00:00,559.3134,566.923,548.7033,562.888,1582066.0
I99,,I99,20161230,00:00:00,559.5129,564.0223,538.9051,541.2996,1494344.0
I99,,I99,20170103,00:00:00,544.5321,561.1594,524.5082,527.5483,1014982.0
I99,,I99,20170104,00:00:00,528.6003,542.2908,525.4871,535.4724,1374344.0
I99,,I99,20170105,00:00:00,535.528,552.1398,532.5335,543.0196,1218528.0
I99,,I99,20170106,00:00:00,542.5738,550.1689,530.8521,531.6309,1340648.0
I99,,I99,20170109,00:00:00,531.9616,565.4372,529.5502,564.0219999999999,1316570.0
I99,,I99,20170110,00:00:00,563.4386,586.4485,557.7711,586.4483,1489970.0
I99,,I99,20170111,00:00:00,591.4441,597.0773,584.2496,593.7219,1140240.0
I99,,I99,20170112,00:00:00,592.1442,609.4818,584.7843,600.0928,1399448.0
I99,,I99,20170113,00:00:00,601.0435,612.2913,591.8659,600.262,1272638.0
I99,,I99,20170116,00:00:00,599.3698,649.9128,596.7957,645.9301,1763324.0
I99,,I99,20170117,00:00:00,642.8325,656.5587,614.641,630.388,1858464.0
I99,,I99,20170118,00:00:00,631.3389,658.205,621.4644,630.2947,1978232.0
I99,,I99,20170119,00:00:00,627.0567,634.8028,615.5497,629.2973,1590988.0
I99,,I99,20170120,00:00:00,627.0296,633.1467,599.3246,604.8078,1715926.0
I99,,I99,20170123,00:00:00,603.1649,609.867,597.1197,599.4552,1166184.0
I99,,I99,20170124,00:00:00,601.7412,646.4489,599.5423,640.2981,1705988.0
I99,,I99,20170125,00:00:00,640.9759,641.7482,621.331,633.2336,1062992.0
I99,,I99,20170126,00:00:00,631.94,653.3287,626.8778,650.8059,928040.0
I99,,I99,20170203,00:00:00,650.2782,651.6603,595.8678,601.3173,1113488.0
I99,,I99,20170206,00:00:00,601.8048,604.9484,588.2654,592.4511,1154006.0
I99,,I99,20170207,00:00:00,592.5442,619.1306,588.0694,614.2255,1357242.0
I99,,I99,20170208,00:00:00,614.3452,635.8834,612.3164,629.8573,1392054.0
I99,,I99,20170209,00:00:00,630.2186,638.0186,625.0148,629.7364,1167670.0
I99,,I99,20170210,00:00:00,627.367,681.807,624.9543,674.7993,2433598.0
I99,,I99,20170213,00:00:00,671.9206,701.8076,671.8605,701.3224,1773468.0
I99,,I99,20170214,00:00:00,701.1403,704.8327,685.195,700.7239999999999,1303890.0
I99,,I99,20170215,00:00:00,701.4281,706.3176,679.6764,686.4705,2132410.0
I99,,I99,20170216,00:00:00,685.1208,708.2936,670.3908,674.047,2566028.0
I99,,I99,20170217,00:00:00,673.0425,694.9662,672.9241,689.3954,1745690.0
I99,,I99,20170220,00:00:00,690.9245,702.0744,681.0129,700.3603,1733566.0
I99,,I99,20170221,00:00:00,702.0055,726.9256,696.8521,717.8882,1820264.0
I99,,I99,20170222,00:00:00,717.6147,719.7416,697.5256,708.5188,1634736.0
I99,,I99,20170223,00:00:00,704.0209,713.682,685.9221,693.9379,1867662.0
I99,,I99,20170224,00:00:00,695.0234,698.6263,659.3106,682.8243,2396054.0
I99,,I99,20170227,00:00:00,682.9433,716.5437,675.2708,698.1659,2415336.0
I99,,I99,20170228,00:00:00,694.1851,700.2904,671.4325,673.0606,2367448.0
I99,,I99,20170301,00:00:00,673.0194,686.0262,668.9614,678.4098,2047390.0
I99,,I99,20170302,00:00:00,677.6298,690.2278,672.2321,676.7935,1846184.0
I99,,I99,20170303,00:00:00,676.9814,677.3874,646.2242,668.8174,2571604.0
I99,,I99,20170306,00:00:00,670.2055,675.6132,637.6632,643.1031,2581106.0
I99,,I99,20170307,00:00:00,640.5142,650.2462,634.3119,642.1328,1642832.0
I99,,I99,20170308,00:00:00,640.9162,652.3299,634.7665,639.9081,2353488.0
I99,,I99,20170309,00:00:00,640.7219,643.2258,619.4244,634.0303,2270648.0
I99,,I99,20170310,00:00:00,631.995,639.2269,627.9206,631.7021,1541694.0
I99,,I99,20170313,00:00:00,630.5452,655.1214,612.0523,654.1263,2810376.0
I99,,I99,20170314,00:00:00,653.9819,662.9034,647.351,652.9226,1766068.0
I99,,I99,20170315,00:00:00,650.0786,697.4425,648.1308,693.7346,2748282.0
I99,,I99,20170316,00:00:00,691.2999,701.2293,676.1722,694.0348,1916708.0
I99,,I99,20170317,00:00:00,688.2649,692.0624,667.6727,677.8505,1768792.0
I99,,I99,20170320,00:00:00,672.9009,685.6986,667.2339999999999,672.4081,1673082.0
I99,,I99,20170321,00:00:00,666.0523,667.2258,633.3694,638.7993,1992544.0
I99,,I99,20170322,00:00:00,625.6714,632.8411,601.5375,603.7282,2009390.0
I99,,I99,20170323,00:00:00,601.6214,613.4638,599.6036,603.4671,1517464.0
I99,,I99,20170324,00:00:00,594.5552,608.0126,587.2694,598.22,2038096.0
I99,,I99,20170327,00:00:00,593.0808,594.5534,556.9169999999999,565.2557,2134430.0
I99,,I99,20170328,00:00:00,563.9455,573.9898,553.451,554.6125,2007190.0
I99,,I99,20170329,00:00:00,557.1604,581.5482,555.7275,578.8734,2549892.0
I99,,I99,20170330,00:00:00,576.2805,585.8858,562.4335,565.3217,2178152.0
I99,,I99,20170331,00:00:00,575.7428,580.1184,546.8683,557.2422,1808968.0
I99,,I99,20170405,00:00:00,559.7011,580.6839,556.3184,562.9502,1752712.0
I99,,I99,20170406,00:00:00,564.322,575.3137,558.4545,562.3385,2058118.0
I99,,I99,20170407,00:00:00,553.3022,554.8112,519.1858,525.4664,2558756.0
I99,,I99,20170410,00:00:00,525.1789,530.3116,515.6669,518.4311,1722048.0
I99,,I99,20170411,00:00:00,515.0754,528.8285,511.3323,522.4064,1817926.0
I99,,I99,20170412,00:00:00,518.4611,519.7575,499.8837,503.1712,2231844.0
I99,,I99,20170413,00:00:00,497.3772,511.4399,492.2698,502.5945,2079084.0
I99,,I99,20170414,00:00:00,502.9768,515.6948,498.7872,504.4775,2117544.0
I99,,I99,20170417,00:00:00,505.9663,510.6416,485.6378,489.1785,2363826.0
I99,,I99,20170418,00:00:00,488.1404,491.6519,460.3045,464.5918,2149810.0
I99,,I99,20170419,00:00:00,465.344,477.5066,462.7484,475.2126,1928638.0
I99,,I99,20170420,00:00:00,477.3437,485.1596,456.6395,483.8919,2776926.0
I99,,I99,20170421,00:00:00,489.722,509.8711,481.3379,500.1468,3426482.0
I99,,I99,20170424,00:00:00,500.4635,504.0156,482.1496,498.0818,2937108.0
I99,,I99,20170425,00:00:00,499.8828,501.0925,485.1032,493.5573,2682298.0
I99,,I99,20170426,00:00:00,494.2146,509.2273,488.1706,492.1992,2775762.0
I99,,I99,20170427,00:00:00,492.3518,502.2072,488.2537,501.6991,2482368.0
I99,,I99,20170428,00:00:00,503.767,517.193,497.3329,517.0073,2917210.0
I99,,I99,20170502,00:00:00,526.9472,534.4768,521.9126,528.7467,1779864.0
I99,,I99,20170503,00:00:00,527.2532,531.4252,517.7215,518.8173,1968518.0
I99,,I99,20170504,00:00:00,514.4107,514.7822,480.3745,480.375,2814956.0
I99,,I99,20170505,00:00:00,472.2717,475.1653,453.3847,458.0182,2847768.0
I99,,I99,20170508,00:00:00,463.2407,480.5129,454.4501,463.1769,3645718.0
I99,,I99,20170509,00:00:00,459.1473,465.7073,454.9625,462.6251,2401338.0
I99,,I99,20170510,00:00:00,461.4939,475.1803,460.6697,470.8701,3088886.0
I99,,I99,20170511,00:00:00,472.392,478.6111,442.3148,461.6461,4189616.0
I99,,I99,20170512,00:00:00,461.5552,463.1347,444.7436,446.9811,3165788.0
I99,,I99,20170515,00:00:00,448.5197,458.8309,439.1865,453.335,2552324.0
I99,,I99,20170516,00:00:00,453.2877,458.3718,448.0316,457.2591,2121126.0
I99,,I99,20170517,00:00:00,457.42800000000005,477.2477,455.8437,473.7457,3057326.0
I99,,I99,20170518,00:00:00,474.1661,476.4973,463.1699,465.0885,2781026.0
I99,,I99,20170519,00:00:00,458.2403,486.6152,450.6511,485.0445,4111278.0
I99,,I99,20170522,00:00:00,486.2798,497.3038,483.2435,490.2402,3463126.0
I99,,I99,20170523,00:00:00,491.4659,494.3045,474.6611,475.6551,2494330.0
I99,,I99,20170524,00:00:00,476.3678,478.0361,448.8191,452.3133,3386396.0
I99,,I99,20170525,00:00:00,454.584,463.048,444.1885,445.1807,3353240.0
I99,,I99,20170526,00:00:00,445.8432,452.7373,442.7597,450.6546,2474604.0
I99,,I99,20170531,00:00:00,450.3306,451.8213,421.1615,422.1706,2369280.0
I99,,I99,20170601,00:00:00,422.8747,425.5666,413.4525,418.3465,2411434.0
I99,,I99,20170602,00:00:00,421.2402,431.9798,416.6467,426.8266,2892492.0
I99,,I99,20170605,00:00:00,424.5562,439.5804,419.9477,431.6495,3471488.0
I99,,I99,20170606,00:00:00,427.421,434.6915,420.9321,429.0656,2971464.0
I99,,I99,20170607,00:00:00,427.829,433.9572,423.8346,429.13599999999997,2189210.0
I99,,I99,20170608,00:00:00,429.1903,433.7646,419.62699999999995,420.65,3013318.0
I99,,I99,20170609,00:00:00,420.548,425.2068,416.9337,421.4332,2205214.0
I99,,I99,20170612,00:00:00,420.8458,435.1114,419.9926,431.7153,2665234.0
I99,,I99,20170613,00:00:00,432.1121,433.1274,416.3493,416.936,2402090.0
I99,,I99,20170614,00:00:00,415.8265,430.1942,411.3076,430.1935,2900976.0
I99,,I99,20170615,00:00:00,428.5805,429.7862,415.7775,421.6349,2813606.0
I99,,I99,20170616,00:00:00,424.1369,434.1151,420.6563,425.2061,3080048.0
I99,,I99,20170619,00:00:00,426.4234,437.3899,424.2739,430.7558,2551624.0
I99,,I99,20170620,00:00:00,430.6125,435.6156,426.8371,429.2252,2167958.0
I99,,I99,20170621,00:00:00,427.9468,431.7975,418.4168,431.7973,2298664.0
I99,,I99,20170622,00:00:00,432.8109,436.5902,423.7224,424.3527,2393132.0
I99,,I99,20170623,00:00:00,426.1391,432.9694,424.3459,432.3952,1801310.0
I99,,I99,20170626,00:00:00,432.2999,432.8215,426.0848,431.338,1758040.0
I99,,I99,20170627,00:00:00,432.7957,455.4102,430.0161,453.92699999999996,3052094.0
I99,,I99,20170628,00:00:00,454.5448,457.8772,450.6911,455.0145,2301844.0
I99,,I99,20170629,00:00:00,457.1469,481.4563,456.077,473.6045,3792274.0
I99,,I99,20170630,00:00:00,471.5135,473.8215,462.2193,470.8205,2257200.0
I99,,I99,20170703,00:00:00,468.3371,485.871,467.4876,484.9929,2532696.0
I99,,I99,20170704,00:00:00,486.3902,490.4661,459.5554,462.4055,3184626.0
I99,,I99,20170705,00:00:00,465.9534,477.2528,463.4442,467.654,2959920.0
I99,,I99,20170706,00:00:00,463.7119,470.659,455.2664,469.2491,2603400.0
I99,,I99,20170707,00:00:00,468.0916,481.1425,462.8622,478.6719,2650180.0
I99,,I99,20170710,00:00:00,477.4281,482.56199999999995,471.5617,476.2092,2573356.0
I99,,I99,20170711,00:00:00,475.4216,492.3502,473.81699999999995,483.9385,2813956.0
I99,,I99,20170712,00:00:00,483.5798,493.8597,478.3993,482.8883,2682206.0
I99,,I99,20170713,00:00:00,484.1469,488.8132,475.3626,486.2355,2297270.0
I99,,I99,20170714,00:00:00,484.385,485.5171,467.0702,476.6628,2720898.0
I99,,I99,20170717,00:00:00,477.7972,494.8979,476.6037,489.0567,2642428.0
I99,,I99,20170718,00:00:00,491.0543,515.994,490.4542,509.2378,3323544.0
I99,,I99,20170719,00:00:00,509.8955,525.2919,509.0049,521.6959,2606886.0
I99,,I99,20170720,00:00:00,521.9689,523.8362,504.5992,505.9645,2861654.0
I99,,I99,20170721,00:00:00,505.3644,511.04699999999997,497.2478,509.0448,2539192.0
I99,,I99,20170724,00:00:00,510.2993,512.5936,492.3833,502.4875,2481770.0
I99,,I99,20170725,00:00:00,503.5443,519.7673,501.9744,514.8330000000001,3000754.0
I99,,I99,20170726,00:00:00,516.1539,523.7084,504.9483,509.4137,3057546.0
I99,,I99,20170727,00:00:00,510.26599999999996,519.5797,505.9353,519.08,2584194.0
I99,,I99,20170728,00:00:00,517.5276,526.8098,513.9666,520.5004,2758988.0
I99,,I99,20170731,00:00:00,520.956,558.7056,519.4617,557.3683,4129096.0
I99,,I99,20170801,00:00:00,557.6672,564.0265,550.8188,553.039,2504570.0
I99,,I99,20170802,00:00:00,551.2992,554.43,538.9703,550.3314,2826990.0
I99,,I99,20170803,00:00:00,546.629,561.7721,540.4707,549.3204,3255956.0
I99,,I99,20170804,00:00:00,550.0477,560.5178,544.3009999999999,553.309,2672148.0
I99,,I99,20170807,00:00:00,552.895,592.0488,546.2382,568.4157,4326208.0
I99,,I99,20170808,00:00:00,568.3998,577.8163,548.2043,553.87,3307842.0
I99,,I99,20170809,00:00:00,554.3111,571.8746,550.9243,570.0425,3395028.0
I99,,I99,20170810,00:00:00,567.6627,574.9131,556.1521,566.7799,3232018.0
I99,,I99,20170811,00:00:00,562.9251,573.1059,530.4282,538.4814,3954982.0
I99,,I99,20170814,00:00:00,538.0276,545.0767,526.3695,528.7603,2668478.0
I99,,I99,20170815,00:00:00,529.2838,535.3134,520.3126,531.8377,2586504.0
I99,,I99,20170816,00:00:00,531.5071,534.8625,520.1982,525.5212,2489304.0
I99,,I99,20170817,00:00:00,526.7904,562.4630000000001,525.7774,555.3687,4145046.0
I99,,I99,20170818,00:00:00,552.7875,584.4367,547.5075,580.9866,3371206.0
I99,,I99,20170821,00:00:00,572.8828,600.8383,561.2653,595.8903,4455862.0
I99,,I99,20170822,00:00:00,598.7906,608.9471,593.6228,605.2345,2909692.0
I99,,I99,20170823,00:00:00,601.6184,601.6186,564.8188,578.0356,3857364.0
I99,,I99,20170824,00:00:00,577.5842,596.6887,568.5357,581.9478,3617962.0
I99,,I99,20170825,00:00:00,581.684,600.0273,576.366,585.077,3320566.0
I99,,I99,20170828,00:00:00,581.7785,587.5563,553.3015,571.7,3538330.0
I99,,I99,20170829,00:00:00,572.0236,576.5171,549.7763,553.316,3387378.0
I99,,I99,20170830,00:00:00,554.1302,558.1783,542.2092,555.005,2830852.0
I99,,I99,20170831,00:00:00,553.7902,573.2063,545.285,571.5429,3429510.0
I99,,I99,20170901,00:00:00,568.7431,587.0452,567.0414,581.6477,3170592.0
I99,,I99,20170904,00:00:00,580.5104,596.251,563.6018,564.1874,3647326.0
I99,,I99,20170905,00:00:00,565.6822,577.9986,561.0372,574.4933,2907746.0
I99,,I99,20170906,00:00:00,574.7544,584.8364,547.7173,548.7138,3739590.0
I99,,I99,20170907,00:00:00,549.6316,555.1558,539.2273,544.1742,3408308.0
I99,,I99,20170908,00:00:00,544.4281,559.7339,529.4098,532.8992,3774036.0
I99,,I99,20170911,00:00:00,533.3215,536.3018,517.4646,531.6251,3368874.0
I99,,I99,20170912,00:00:00,532.682,547.2889,526.5266,546.3294,3561562.0
I99,,I99,20170913,00:00:00,545.1848,550.8593,526.9526,532.5819,3178918.0
I99,,I99,20170914,00:00:00,530.6084,533.3301,505.7885,508.2874,3659480.0
I99,,I99,20170915,00:00:00,508.7354,512.7906,501.3068,506.256,2593222.0
I99,,I99,20170918,00:00:00,504.7768,511.9857,491.7719,509.5483,3254724.0
I99,,I99,20170919,00:00:00,509.3693,512.2442,495.7571,495.7573,2564760.0
I99,,I99,20170920,00:00:00,493.0131,500.5047,485.3017,490.3428,2775124.0
I99,,I99,20170921,00:00:00,491.5244,496.5584,468.6408,469.5937,3503410.0
I99,,I99,20170922,00:00:00,468.8085,471.916,461.1162,464.0624,2488790.0
I99,,I99,20170925,00:00:00,466.2758,470.8366,455.1235,465.4091,2697878.0
I99,,I99,20170926,00:00:00,466.216,470.4588,459.7994,462.52099999999996,2400534.0
I99,,I99,20170927,00:00:00,462.72900000000004,473.4498,458.2891,470.9357,3073482.0
I99,,I99,20170928,00:00:00,472.9017,478.5634,442.7068,449.4773,3554180.0
I99,,I99,20170929,00:00:00,450.3537,457.0591,444.4905,452.7303,2381042.0
I99,,I99,20171009,00:00:00,459.7544,462.2346,435.9785,441.3421,1949586.0
I99,,I99,20171010,00:00:00,440.6443,446.3627,433.4195,438.3161,2415562.0
I99,,I99,20171011,00:00:00,437.0604,443.3852,434.2744,434.6834,2113576.0
I99,,I99,20171012,00:00:00,434.1977,447.7176,424.3202,439.8396,3364732.0
I99,,I99,20171013,00:00:00,439.3944,454.4503,436.3736,453.6507,3360346.0
I99,,I99,20171016,00:00:00,454.3209,468.0541,450.0015,460.6109,3809606.0
I99,,I99,20171017,00:00:00,460.7435,464.98199999999997,443.7008,450.819,3803538.0
I99,,I99,20171018,00:00:00,451.6855,462.9335,449.8877,457.3917,3151004.0
I99,,I99,20171019,00:00:00,455.2082,456.6569,436.5521,443.525,3950520.0
I99,,I99,20171020,00:00:00,442.7409,470.3208,440.8268,469.6473,3786002.0
I99,,I99,20171023,00:00:00,467.7138,474.6607,449.969,463.5263,4710656.0
I99,,I99,20171024,00:00:00,463.9147,472.39599999999996,458.4516,461.9522,3328054.0
I99,,I99,20171025,00:00:00,462.1145,469.5915,453.3001,458.798,3468664.0
I99,,I99,20171026,00:00:00,458.175,460.6317,453.6447,457.4161,2265962.0
I99,,I99,20171027,00:00:00,455.8875,456.9868,431.7413,433.1373,3658226.0
I99,,I99,20171030,00:00:00,431.6156,438.7685,427.2898,430.9995,2687776.0
I99,,I99,20171031,00:00:00,431.1944,440.4553,428.4978,435.457,2528522.0
I99,,I99,20171101,00:00:00,436.4169,447.2146,433.9942,436.8038,2734270.0
I99,,I99,20171102,00:00:00,436.431,455.2111,433.6545,450.2608,3415122.0
I99,,I99,20171103,00:00:00,449.6917,454.9163,444.4094,448.0278,2632212.0
I99,,I99,20171106,00:00:00,449.7789,476.305,448.2324,475.2405,3725648.0
I99,,I99,20171107,00:00:00,475.316,481.9612,468.099,475.38599999999997,3144888.0
I99,,I99,20171108,00:00:00,475.4039,479.9403,468.5241,472.9747,2933644.0
I99,,I99,20171109,00:00:00,473.94800000000004,487.0052,463.1587,467.81699999999995,4568290.0
I99,,I99,20171110,00:00:00,468.1021,474.4589,460.2379,470.659,3061356.0
I99,,I99,20171113,00:00:00,470.8038,477.4236,463.3468,474.2546,3334866.0
I99,,I99,20171114,00:00:00,474.5501,479.3044,469.6602,473.397,2741098.0
I99,,I99,20171115,00:00:00,473.9416,478.029,452.0389,454.7394,3711412.0
I99,,I99,20171116,00:00:00,455.3952,467.103,454.1542,463.5789,2765256.0
I99,,I99,20171117,00:00:00,464.7964,473.963,461.5236,465.6397,3411098.0
I99,,I99,20171120,00:00:00,466.707,479.4752,460.9658,475.345,3147126.0
I99,,I99,20171121,00:00:00,476.3008,482.9511,472.9773,479.2057,2587902.0
I99,,I99,20171122,00:00:00,481.1099,490.9301,477.6131,488.094,3236642.0
I99,,I99,20171123,00:00:00,491.4422,506.8063,490.0497,501.7566,3966856.0
I99,,I99,20171124,00:00:00,502.7936,509.2035,496.73699999999997,507.6853,2728346.0
I99,,I99,20171127,00:00:00,508.7363,513.0617,500.0518,502.1375,2924314.0
I99,,I99,20171128,00:00:00,502.7139,504.746,493.6213,501.8409,2466492.0
I99,,I99,20171129,00:00:00,501.4574,510.1976,495.6524,508.8936,2583238.0
I99,,I99,20171130,00:00:00,509.0002,523.9321,503.6638,517.4735,3314396.0
I99,,I99,20171201,00:00:00,518.8452,526.9089,515.8611,524.2622,2657874.0
I99,,I99,20171204,00:00:00,525.3368,552.8669,523.8761,546.8155,3419036.0
I99,,I99,20171205,00:00:00,545.8162,551.2257,536.3378,538.0057,2748900.0
I99,,I99,20171206,00:00:00,538.7286,542.677,519.5312,521.3484,3094792.0
I99,,I99,20171207,00:00:00,521.6993,522.8615,490.4081,494.1097,3668932.0
I99,,I99,20171208,00:00:00,495.1132,507.2497,489.2063,505.3579,3054370.0
I99,,I99,20171211,00:00:00,505.4537,518.3185,494.1521,494.7603,3700854.0
I99,,I99,20171212,00:00:00,497.0735,513.0726,494.2879,501.6321,3691616.0
I99,,I99,20171213,00:00:00,501.611,509.0798,490.3409,504.3179,3872278.0
I99,,I99,20171214,00:00:00,504.931,507.528,493.7768,496.7208,3129696.0
I99,,I99,20171215,00:00:00,497.6129,508.4635,491.75199999999995,506.0127,2928038.0
I99,,I99,20171218,00:00:00,507.089,537.9017,505.7564,533.7874,4422730.0
I99,,I99,20171219,00:00:00,533.3143,538.1165,523.75,526.8735,3084668.0
I99,,I99,20171220,00:00:00,525.8919,530.8541,520.9987,528.5958,2538328.0
I99,,I99,20171221,00:00:00,529.4131,548.8126,525.196,531.5676,4303738.0
I99,,I99,20171222,00:00:00,532.2632,546.0276,527.8668,544.9164,3385840.0
I99,,I99,20171225,00:00:00,545.0466,550.2779,522.6617,524.7229,3546460.0
I99,,I99,20171226,00:00:00,523.9509,524.7411,511.4728,521.0844,3213226.0
I99,,I99,20171227,00:00:00,520.8962,523.8581,513.3729,515.0859,2985412.0
I99,,I99,20171228,00:00:00,515.515,522.4629,510.2482,518.2355,2387580.0
I99,,I99,20171229,00:00:00,518.0716,538.0438,516.8628,530.9843,3652190.0
I99,,I99,20180102,00:00:00,531.4159999999999,546.1603,530.4074,543.2504,2200198.0
I99,,I99,20180103,00:00:00,543.6156,546.7606,535.0295,536.0865,2420944.0
I99,,I99,20180104,00:00:00,536.4986,545.8024,533.6763,543.3018,2663544.0
I99,,I99,20180105,00:00:00,543.155,550.8204,528.2865,538.5391,3394438.0
I99,,I99,20180108,00:00:00,538.1183,556.5498,534.5903,556.0529,3155452.0
I99,,I99,20180109,00:00:00,555.7311,564.1519,555.3032,562.1969,2411746.0
I99,,I99,20180110,00:00:00,562.7854,566.4015,553.7978,559.1949,2402002.0
I99,,I99,20180111,00:00:00,560.3558,562.2345,551.1246,557.8848,2315280.0
I99,,I99,20180112,00:00:00,557.7678,559.6108,541.0664,545.8606,2893022.0
I99,,I99,20180115,00:00:00,543.9482,546.2307,533.38,538.8721,2465926.0
I99,,I99,20180116,00:00:00,540.5642,545.4523,529.7907,532.2977,2503194.0
I99,,I99,20180117,00:00:00,529.7948,536.8903,527.4263,533.3459,2351174.0
I99,,I99,20180118,00:00:00,532.7678,541.2611,531.4261,538.6074,2026402.0
I99,,I99,20180119,00:00:00,539.565,546.2859,532.8014,545.2106,2494072.0
I99,,I99,20180122,00:00:00,546.3419,549.1825,540.01,542.4358,2143164.0
I99,,I99,20180123,00:00:00,542.314,542.8857,519.4326,523.6172,3241464.0
I99,,I99,20180124,00:00:00,521.1046,527.9398,520.3646,524.2894,1605980.0
I99,,I99,20180125,00:00:00,525.2702,538.5678,521.1774,532.2382,2519152.0
I99,,I99,20180126,00:00:00,532.0916,533.0182,517.6807,521.5966,2485574.0
I99,,I99,20180129,00:00:00,521.8948,524.5452,513.8677,517.2103,1957894.0
I99,,I99,20180130,00:00:00,516.7316,524.3659,516.2973,520.2185,1798824.0
I99,,I99,20180131,00:00:00,519.7689,522.6879,507.4357,512.856,2255002.0
I99,,I99,20180201,00:00:00,513.2932,514.7217,506.3052,509.0089,1782262.0
I99,,I99,20180202,00:00:00,510.3771,520.9426,509.5315,516.0269,2078390.0
I99,,I99,20180205,00:00:00,516.2583,529.6118,515.7578,528.5436,2463582.0
I99,,I99,20180206,00:00:00,529.4273,531.2092,518.1778,523.1099,2089550.0
I99,,I99,20180207,00:00:00,523.6103,529.5977,520.1873,528.4432,1799468.0
I99,,I99,20180208,00:00:00,528.8004,530.4442,523.0368,525.8093,1652404.0
I99,,I99,20180209,00:00:00,526.7117,537.1372,520.5744,524.9053,2884670.0
I99,,I99,20180212,00:00:00,524.3866,527.4104,519.7286,524.6269,1504522.0
I99,,I99,20180213,00:00:00,524.5335,532.3345,523.0301,530.4973,1290822.0
I99,,I99,20180214,00:00:00,531.6519999999999,543.3398,530.5606,541.7506,1392230.0
I99,,I99,20180222,00:00:00,541.4763,546.9523,534.4078,540.4013,1157070.0
I99,,I99,20180223,00:00:00,537.9556,550.9309,537.785,550.43,1741022.0
I99,,I99,20180226,00:00:00,549.9907,558.3307,546.8211,550.9153,1652806.0
I99,,I99,20180227,00:00:00,550.8791,554.0265,542.2273,548.5411,1721266.0
I99,,I99,20180228,00:00:00,548.0519,548.9154,543.0456,545.3977,1429694.0
I99,,I99,20180301,00:00:00,544.4899,550.1471,542.8323,546.7485,1698720.0
I99,,I99,20180302,00:00:00,544.7436,548.1095,536.7359,541.1412,1948156.0
I99,,I99,20180305,00:00:00,540.0889,541.6546,521.1539,522.0485,2345412.0
I99,,I99,20180306,00:00:00,521.9792,526.8625,518.3445,522.7989,1805908.0
I99,,I99,20180307,00:00:00,523.8935,527.2027,517.5653,519.2597,1976580.0
I99,,I99,20180308,00:00:00,517.0192,517.4513,502.7686,502.7688,2234190.0
I99,,I99,20180309,00:00:00,501.39300000000003,504.586,481.9598,485.8861,3221354.0
I99,,I99,20180312,00:00:00,488.6702,492.1827,477.8422,480.9328,2747936.0
I99,,I99,20180313,00:00:00,480.1944,486.0926,478.8199,481.2361,1981392.0
I99,,I99,20180314,00:00:00,482.1394,495.8667,480.9151,492.0893,2857444.0
I99,,I99,20180315,00:00:00,492.4577,496.7782,488.6949,492.1063,2233202.0
I99,,I99,20180316,00:00:00,491.5804,492.108,483.2697,485.5288,2318238.0
I99,,I99,20180319,00:00:00,484.3573,484.7174,464.4542,465.3886,3281546.0
I99,,I99,20180320,00:00:00,465.5813,468.7316,456.3147,462.0314,2613844.0
I99,,I99,20180321,00:00:00,463.7004,470.5798,458.8836,463.842,2975222.0
I99,,I99,20180322,00:00:00,464.923,473.5344,462.3596,467.6494,3407832.0
I99,,I99,20180323,00:00:00,466.6351,468.8101,430.7713,439.2615,5021714.0
I99,,I99,20180326,00:00:00,438.8618,445.8843,436.4059,441.4738,2815450.0
I99,,I99,20180327,00:00:00,440.4054,449.4648,439.6442,445.5891,2612418.0
I99,,I99,20180328,00:00:00,445.2034,448.2937,431.4254,442.5558,3533888.0
I99,,I99,20180329,00:00:00,443.2954,447.2543,434.4475,446.3475,2832994.0
I99,,I99,20180330,00:00:00,445.1305,452.0382,438.3943,450.1977,3315740.0
I99,,I99,20180402,00:00:00,451.0081,469.5295,447.4374,452.7415,4164478.0
I99,,I99,20180403,00:00:00,454.3511,460.8463,444.7301,449.3711,3572902.0
I99,,I99,20180404,00:00:00,450.7461,452.5763,432.2881,435.8932,3832360.0
I99,,I99,20180409,00:00:00,434.7207,443.1824,430.7541,441.4913,2670442.0
I99,,I99,20180410,00:00:00,442.2536,453.3326,441.7416,448.3791,3530368.0
I99,,I99,20180411,00:00:00,450.0705,457.7894,443.3147,444.6997,3450074.0
I99,,I99,20180412,00:00:00,445.2333,452.87,438.5912,446.4212,4010250.0
I99,,I99,20180413,00:00:00,444.9024,453.814,441.4444,450.375,3465072.0
I99,,I99,20180416,00:00:00,451.1193,454.4427,433.1037,435.8488,4120392.0
I99,,I99,20180417,00:00:00,436.4466,443.0006,431.9293,436.8615,3802252.0
I99,,I99,20180418,00:00:00,439.2386,449.0608,438.5558,446.7669,4368634.0
I99,,I99,20180419,00:00:00,451.56300000000005,473.724,451.56199999999995,472.7361,5134382.0
I99,,I99,20180420,00:00:00,472.77,474.0068,457.3752,459.3579,4124518.0
I99,,I99,20180423,00:00:00,460.3447,480.99699999999996,458.1123,475.4873,4597214.0
I99,,I99,20180424,00:00:00,472.1562,477.6259,467.68699999999995,468.6766,2962090.0
I99,,I99,20180425,00:00:00,468.967,475.5187,464.3149,466.3963,3336400.0
I99,,I99,20180426,00:00:00,466.4556,471.343,462.1103,464.5766,2446200.0
I99,,I99,20180427,00:00:00,464.034,470.1141,454.0398,459.4205,3160134.0
I99,,I99,20180502,00:00:00,462.3636,474.7126,460.2909,472.7617,2480870.0
I99,,I99,20180503,00:00:00,473.5673,480.5511,470.2061,472.7782,2766828.0
I99,,I99,20180504,00:00:00,472.3416,473.12199999999996,462.4785,470.343,3089748.0
I99,,I99,20180507,00:00:00,468.88599999999997,474.4752,459.1717,469.2939,3486734.0
I99,,I99,20180508,00:00:00,469.199,476.5264,467.1111,474.9199,3029088.0
I99,,I99,20180509,00:00:00,473.1044,474.4985,467.0723,469.0332,2922464.0
I99,,I99,20180510,00:00:00,467.5918,473.745,463.9425,468.7951,2662092.0
I99,,I99,20180511,00:00:00,470.1844,485.2764,467.8712,481.0599,3672604.0
I99,,I99,20180514,00:00:00,480.8423,488.19300000000004,479.3645,486.3066,2999926.0
I99,,I99,20180515,00:00:00,485.2321,492.1465,477.7451,483.6118,3542740.0
I99,,I99,20180516,00:00:00,483.1693,489.2972,476.6044,480.5701,3148006.0
I99,,I99,20180517,00:00:00,479.7606,482.7916,475.4747,480.8981,2070854.0
I99,,I99,20180518,00:00:00,481.3493,484.7111,473.2311,475.6554,2761788.0
I99,,I99,20180521,00:00:00,475.1532,475.157,460.0015,462.7109,2988830.0
I99,,I99,20180522,00:00:00,461.9052,465.3654,451.1396,454.017,2304358.0
I99,,I99,20180523,00:00:00,456.1933,456.9706,447.7583,454.4908,2512706.0
I99,,I99,20180524,00:00:00,453.9747,459.0228,452.5987,457.6103,1741824.0
I99,,I99,20180525,00:00:00,458.2414,462.1662,448.3335,452.5614,2343270.0
I99,,I99,20180528,00:00:00,451.5951,459.0142,446.7157,451.902,2281344.0
I99,,I99,20180529,00:00:00,451.4465,466.0353,449.3848,462.5907,2663024.0
I99,,I99,20180530,00:00:00,461.8851,466.8805,452.7485,453.9234,2570594.0
I99,,I99,20180531,00:00:00,454.0569,464.6262,453.8386,460.5474,2041198.0
I99,,I99,20180601,00:00:00,461.4125,469.6624,455.94800000000004,458.4227,2697678.0
I99,,I99,20180604,00:00:00,458.5792,461.7331,453.5709,455.4247,2152332.0
I99,,I99,20180605,00:00:00,455.202,465.7714,454.5095,465.3381,2311894.0
I99,,I99,20180606,00:00:00,466.7391,474.0043,464.8301,468.9291,2528928.0
I99,,I99,20180607,00:00:00,469.4133,476.5852,466.3313,467.4307,2468094.0
I99,,I99,20180608,00:00:00,467.8199,469.2214,461.4516,465.4453,2119878.0
I99,,I99,20180611,00:00:00,466.07800000000003,471.664,463.4484,468.3262,1574516.0
I99,,I99,20180612,00:00:00,468.3906,472.8913,462.5982,471.909,2177498.0
I99,,I99,20180613,00:00:00,470.8444,472.9222,464.5756,469.8312,2043506.0
I99,,I99,20180614,00:00:00,470.0426,474.5067,468.5761,472.1297,1723098.0
I99,,I99,20180615,00:00:00,471.754,475.9588,466.6615,472.5674,1729352.0
I99,,I99,20180619,00:00:00,468.5695,470.1747,442.9579,450.1608,2616606.0
I99,,I99,20180620,00:00:00,449.4668,456.2691,448.5512,453.5415,1484300.0
I99,,I99,20180621,00:00:00,454.3829,461.1046,452.577,454.0402,1741888.0
I99,,I99,20180622,00:00:00,454.2597,459.1141,451.5492,457.8525,1558506.0
I99,,I99,20180625,00:00:00,458.7162,469.8566,457.7579,463.5275,2356870.0
I99,,I99,20180626,00:00:00,463.4545,466.5221,458.3398,462.6287,2022098.0
I99,,I99,20180627,00:00:00,462.5287,467.431,460.9999,461.2541,1469686.0
I99,,I99,20180628,00:00:00,462.4144,470.11800000000005,462.0234,467.6609,1621042.0
I99,,I99,20180629,00:00:00,467.4189,475.8633,467.1753,474.1222,1975010.0
I99,,I99,20180702,00:00:00,473.8673,474.3781,459.7861,463.5697,2012646.0
I99,,I99,20180703,00:00:00,464.0693,467.7025,462.24,463.9326,1304662.0
I99,,I99,20180704,00:00:00,463.9631,467.2864,460.3908,462.4306,1345256.0
I99,,I99,20180705,00:00:00,460.2915,462.1205,452.9164,457.1895,2329148.0
I99,,I99,20180706,00:00:00,457.4409,462.1219,455.3046,459.6908,1589846.0
I99,,I99,20180709,00:00:00,459.7418,463.6774,452.92,462.3559,1639878.0
I99,,I99,20180710,00:00:00,462.4162,464.1184,458.4995,459.5298,1346216.0
I99,,I99,20180711,00:00:00,459.8393,465.2283,450.0168,463.0757,1964992.0
I99,,I99,20180712,00:00:00,462.4503,467.5091,460.5432,465.7505,1690712.0
I99,,I99,20180713,00:00:00,466.6212,467.1732,461.1269,462.7978,986006.0
I99,,I99,20180716,00:00:00,462.32599999999996,467.4524,459.9764,465.3984,974354.0
I99,,I99,20180717,00:00:00,465.2673,466.0736,461.5836,464.50800000000004,996582.0
I99,,I99,20180718,00:00:00,464.4969,468.2025,463.0372,464.6508,1028992.0
I99,,I99,20180719,00:00:00,465.4731,472.7729,464.7542,466.4195,1445506.0
I99,,I99,20180720,00:00:00,466.0037,472.0616,465.5029,471.6257,758110.0
I99,,I99,20180723,00:00:00,472.0946,476.6693,469.7533,474.8881,1225640.0
I99,,I99,20180724,00:00:00,476.0476,477.9298,473.48,475.42800000000005,1077976.0
I99,,I99,20180725,00:00:00,476.4722,479.95599999999996,474.9778,477.2066,1026136.0
I99,,I99,20180726,00:00:00,477.1739,478.0191,473.9286,476.2204,965934.0
I99,,I99,20180727,00:00:00,476.1721,493.4435,475.57800000000003,491.7544,2057734.0
I99,,I99,20180730,00:00:00,492.4993,493.6264,483.6253,488.5144,1910112.0
I99,,I99,20180731,00:00:00,488.63300000000004,490.7462,485.8505,488.4941,1235518.0
I99,,I99,20180801,00:00:00,489.6082,490.7528,473.3023,476.4359,1688164.0
I99,,I99,20180802,00:00:00,476.342,478.2802,470.91,477.2035,1245380.0
I99,,I99,20180803,00:00:00,477.7867,488.3704,477.2015,485.4314,1395374.0
I99,,I99,20180806,00:00:00,486.2863,514.4691,484.7444,504.6963,2749798.0
I99,,I99,20180807,00:00:00,505.8007,515.1414,502.6462,510.8528,2078346.0
I99,,I99,20180808,00:00:00,511.7549,514.4379,503.0712,507.1184,1687584.0
I99,,I99,20180809,00:00:00,506.6103,513.5291,504.1181,512.8515,1206094.0
I99,,I99,20180810,00:00:00,513.774,517.1064,505.5689,506.7093,1305318.0
I99,,I99,20180813,00:00:00,506.9275,517.5556,505.6798,517.0325,1454964.0
I99,,I99,20180814,00:00:00,517.1215,520.0472,502.16,507.3965,1523680.0
I99,,I99,20180815,00:00:00,508.2559,509.1114,499.9663,504.22,1429546.0
I99,,I99,20180816,00:00:00,503.1607,511.5982,484.6382,495.0718,2166682.0
I99,,I99,20180817,00:00:00,495.3685,507.8015,490.7533,505.7517,1770532.0
I99,,I99,20180820,00:00:00,507.3905,514.4717,498.2127,506.9503,1932038.0
I99,,I99,20180821,00:00:00,507.8491,509.8061,490.392,494.542,1874768.0
I99,,I99,20180822,00:00:00,493.8881,499.3463,485.1517,485.7044,1285590.0
I99,,I99,20180823,00:00:00,485.6253,494.2422,485.0346,487.3296,1208918.0
I99,,I99,20180824,00:00:00,487.4506,493.6334,485.7952,490.6836,797522.0
I99,,I99,20180827,00:00:00,490.8923,494.9877,476.8912,479.3338,1218282.0
I99,,I99,20180828,00:00:00,479.2908,485.5417,479.2549,482.6155,633944.0
I99,,I99,20180829,00:00:00,483.4829,488.714,478.8586,480.8018,792726.0
I99,,I99,20180830,00:00:00,481.1578,486.9753,476.7622,485.0365,1328548.0
I99,,I99,20180831,00:00:00,485.7046,491.5231,484.4874,485.3347,1267056.0
I99,,I99,20180903,00:00:00,485.4607,487.7369,478.3435,484.6167,1154064.0
I99,,I99,20180904,00:00:00,484.816,488.7174,481.7458,488.5917,874186.0
I99,,I99,20180905,00:00:00,487.99199999999996,490.0058,484.1278,487.0871,1025066.0
I99,,I99,20180906,00:00:00,487.1405,502.4443,487.0797,502.291,1792398.0
I99,,I99,20180907,00:00:00,501.9935,505.6668,493.3258,497.8316,1816012.0
I99,,I99,20180910,00:00:00,498.4776,504.2332,494.5089,497.727,1295914.0
I99,,I99,20180911,00:00:00,498.2064,501.2846,491.3774,492.7202,1383970.0
I99,,I99,20180912,00:00:00,492.7074,495.3753,483.9894,492.3938,1340396.0
I99,,I99,20180913,00:00:00,492.6586,505.1631,492.6572,503.7391,1515974.0
I99,,I99,20180914,00:00:00,503.3227,506.4898,498.9003,501.4834,1236004.0
I99,,I99,20180917,00:00:00,501.8871,506.9783,496.9202,499.9827,1526340.0
I99,,I99,20180918,00:00:00,499.941,507.8442,498.3951,506.33,1027534.0
I99,,I99,20180919,00:00:00,507.6486,513.6235,503.9061,504.4816,1006028.0
I99,,I99,20180920,00:00:00,504.8439,507.2908,499.5023,502.1183,718374.0
I99,,I99,20180921,00:00:00,502.7215,504.3567,500.1076,501.3205,632652.0
I99,,I99,20180925,00:00:00,501.4364,502.5416,494.2672,497.1146,616542.0
I99,,I99,20180926,00:00:00,498.0242,505.7193,497.2427,500.3342,882230.0
I99,,I99,20180927,00:00:00,500.8081,506.2132,495.7985,497.7267,804546.0
I99,,I99,20180928,00:00:00,497.5902,498.8792,486.8998,496.2386,1353242.0
I99,,I99,20181008,00:00:00,498.0837,500.1356,491.2585,498.5911,766352.0
I99,,I99,20181009,00:00:00,499.7364,512.0849,498.4917,508.9977,1314030.0
I99,,I99,20181010,00:00:00,509.3832,518.3687,508.6265,514.745,1079150.0
I99,,I99,20181011,00:00:00,514.6596,518.5893,505.9928,511.7381,1108370.0
I99,,I99,20181012,00:00:00,511.99,517.3287,508.0754,514.776,847500.0
I99,,I99,20181015,00:00:00,515.34,518.0419,508.9249,508.968,845794.0
I99,,I99,20181016,00:00:00,509.3419,514.7434,505.8156,507.6652,932884.0
I99,,I99,20181017,00:00:00,508.276,522.179,504.1972,521.7819999999999,1071858.0
I99,,I99,20181018,00:00:00,522.7772,530.1857,512.2801,515.7574,1955400.0
I99,,I99,20181019,00:00:00,514.8669,518.0236,509.60699999999997,512.9698,1136594.0
I99,,I99,20181022,00:00:00,513.6387,525.2915,513.0179,522.9265,1146290.0
I99,,I99,20181023,00:00:00,523.5435,525.2593,515.9331,517.697,907754.0
I99,,I99,20181024,00:00:00,517.9266,535.0509,515.876,534.1703,1188202.0
I99,,I99,20181025,00:00:00,534.6707,535.4637,524.425,531.8278,1249814.0
I99,,I99,20181026,00:00:00,532.4592,538.9243,528.5749,536.5135,1141868.0
I99,,I99,20181029,00:00:00,536.7603,545.4668,534.2669999999999,535.6037,1758658.0
I99,,I99,20181030,00:00:00,535.239,539.7829,531.2519,536.4218,891814.0
I99,,I99,20181031,00:00:00,539.2352,539.9841,525.6828,530.3884,1181580.0
I99,,I99,20181101,00:00:00,530.8195,532.0686,515.1142,516.0294,1380026.0
I99,,I99,20181102,00:00:00,515.5044,518.4469,497.7953,504.9982,1691418.0
I99,,I99,20181105,00:00:00,504.99699999999996,511.8758,502.0897,511.3395,1062852.0
I99,,I99,20181106,00:00:00,512.3083,514.4002,503.8895,505.0712,1347674.0
I99,,I99,20181107,00:00:00,504.4206,507.4709,499.295,505.5896,1127146.0
I99,,I99,20181108,00:00:00,506.3756,513.712,501.1202,511.49199999999996,1692910.0
I99,,I99,20181109,00:00:00,512.3373,518.4893,507.619,512.5663,1728610.0
I99,,I99,20181112,00:00:00,511.5395,514.7366,502.3518,508.6282,1648908.0
I99,,I99,20181113,00:00:00,507.9152,511.1986,500.1866,502.7268,1412690.0
I99,,I99,20181114,00:00:00,500.7117,504.7059,493.8378,499.2445,1532800.0
I99,,I99,20181115,00:00:00,498.9067,502.2715,496.3475,501.1104,840268.0
I99,,I99,20181116,00:00:00,501.8198,514.6193,500.1716,510.1887,1676270.0
I99,,I99,20181119,00:00:00,509.7112,517.0076,504.12,515.3177,1626790.0
I99,,I99,20181120,00:00:00,513.9549,515.0436,500.5937,503.3264,1336786.0
I99,,I99,20181121,00:00:00,500.8532,513.5751,485.8015,513.0826,2102614.0
I99,,I99,20181122,00:00:00,509.8837,512.0698,501.5621,503.616,1599172.0
I99,,I99,20181123,00:00:00,501.3579,502.7004,484.5001,485.2598,2058268.0
I99,,I99,20181126,00:00:00,482.3005,483.1579,464.63699999999994,464.6803,1591802.0
I99,,I99,20181127,00:00:00,456.1431,465.765,452.032,457.9159,1592692.0
I99,,I99,20181128,00:00:00,457.6251,466.5763,453.5311,462.2831,1473620.0
I99,,I99,20181129,00:00:00,462.2645,469.2251,460.1875,464.3752,1203954.0
I99,,I99,20181130,00:00:00,464.0944,469.3282,459.44699999999995,465.5053,1229124.0
I99,,I99,20181203,00:00:00,463.6917,490.7064,458.4949,475.0324,2085300.0
I99,,I99,20181204,00:00:00,473.3124,483.5512,472.3319,482.1278,1407002.0
I99,,I99,20181205,00:00:00,482.5361,488.3997,477.2962,486.9325,1454866.0
I99,,I99,20181206,00:00:00,488.2702,490.8635,478.7264,480.7654,1053318.0
I99,,I99,20181207,00:00:00,476.5709,487.9791,474.4904,486.5774,1264192.0
I99,,I99,20181210,00:00:00,484.548,487.0408,477.3124,483.0209,1479040.0
I99,,I99,20181211,00:00:00,482.6086,485.0089,476.9216,483.3725,1067650.0
I99,,I99,20181212,00:00:00,483.5802,489.5748,479.0089,481.2995,1385238.0
I99,,I99,20181213,00:00:00,481.0322,486.9952,479.8168,485.6353,1109816.0
I99,,I99,20181214,00:00:00,485.3943,491.5102,484.1541,489.0904,1162732.0
I99,,I99,20181217,00:00:00,489.6981,498.7015,488.972,495.4741,1284902.0
I99,,I99,20181218,00:00:00,495.1665,496.9984,490.4032,493.9023,1010098.0
I99,,I99,20181219,00:00:00,492.4951,498.4533,490.9686,493.4894,1300162.0
I99,,I99,20181220,00:00:00,492.8947,503.1039,490.9893,502.4778,1462658.0
I99,,I99,20181221,00:00:00,502.5584,505.9326,499.1321,503.1449,1074308.0
I99,,I99,20181224,00:00:00,502.5055,503.6014,490.6111,496.8309,1324420.0
I99,,I99,20181225,00:00:00,495.8823,497.5177,486.5162,491.8993,1148012.0
I99,,I99,20181226,00:00:00,491.7321,499.2852,489.9838,497.765,1046460.0
I99,,I99,20181227,00:00:00,497.6168,502.0727,490.9861,496.2276,1288006.0
I99,,I99,20181228,00:00:00,495.1019,499.78,493.0374,499.165,815278.0
I99,,I99,20190102,00:00:00,500.9727,501.4654,492.2482,493.7204,548994.0
I99,,I99,20190103,00:00:00,493.4791,503.1726,492.4311,501.24199999999996,1058270.0
I99,,I99,20190104,00:00:00,501.6786,515.3859,501.2522,514.4434,1564484.0
I99,,I99,20190107,00:00:00,516.4468,518.783,510.1543,518.0906,1253600.0
I99,,I99,20190108,00:00:00,517.7785,519.2183,512.3565,517.1034,1148256.0
I99,,I99,20190109,00:00:00,516.5169999999999,520.7553,511.4752,512.8236,1172562.0
I99,,I99,20190110,00:00:00,512.5265,514.7786,509.039,510.6512,1021130.0
I99,,I99,20190111,00:00:00,510.8586,514.6659,509.1344,512.8927,1009890.0
