date,code,num,price,cap
2019-01-03,300433,4700,34.934,164189.8
2019-01-04,300433,4700,35.543,167052.1
2019-01-07,300433,4700,36.097,169655.9
2019-01-08,300433,4700,36.484,171474.80000000002
2019-01-09,300433,4700,35.875,168612.5
2019-01-10,300433,4700,36.539,171733.30000000002
2019-01-11,300433,4700,36.872,173298.4
2019-01-14,300433,4700,37.093,174337.1
2019-01-15,300433,4700,36.816,173035.2
2019-01-16,300433,4700,36.429,171216.30000000002
2019-01-17,300433,4700,35.875,168612.5
2019-01-18,300433,4700,36.484,171474.80000000002
2019-01-21,300433,4700,36.872,173298.4
2019-01-22,300433,4700,35.82,168354.0
2019-01-23,300433,4700,35.376999999999995,166271.89999999997
2019-01-24,300433,4700,35.543,167052.1
2019-01-25,300433,4700,36.318000000000005,170694.60000000003
2019-01-28,300433,4700,36.595,171996.5
2019-01-29,300433,4700,34.657,162887.9
2019-01-30,300433,4700,33.937,159503.9
2019-01-31,300433,4700,32.277,151701.9
2019-02-01,300433,4700,33.661,158206.7
2019-02-11,300433,4700,37.038000000000004,174078.6
2019-02-12,300433,4700,39.418,185264.6
2019-02-13,300433,4700,41.135,193334.5
2019-02-14,300433,4700,40.138000000000005,188648.60000000003
2019-02-15,300433,4700,40.249,189170.30000000002
2019-02-18,300433,4700,44.29,208163.0
2019-02-19,300433,4700,43.294,203481.8
2019-02-20,300433,4700,43.847,206080.9
2019-02-21,300433,4700,43.46,204262.0
2019-02-22,300433,4700,46.615,219090.5
2019-02-25,300433,4700,49.882,234445.4
2019-02-26,300433,4700,48.166000000000004,226380.2
2019-02-27,300433,4700,47.391000000000005,222737.7
2019-02-28,300433,4700,47.058,221172.6
2019-03-01,300433,4700,48.276,226897.2
2019-01-03,002273,3100,99.911,309724.1
2019-01-04,002273,3100,102.977,319228.7
2019-01-07,002273,3100,104.986,325456.60000000003
2019-01-08,002273,3100,104.24600000000001,323162.60000000003
2019-01-09,002273,3100,105.831,328076.10000000003
2019-01-10,002273,3100,105.514,327093.39999999997
2019-01-11,002273,3100,103.823,321851.3
2019-01-14,002273,3100,102.87100000000001,318900.10000000003
2019-01-15,002273,3100,104.03399999999999,322505.39999999997
2019-01-16,002273,3100,102.23700000000001,316934.7
2019-01-17,002273,3100,100.96799999999999,313000.8
2019-01-18,002273,3100,101.602,314966.2
2019-01-21,002273,3100,101.285,313983.5
2019-01-22,002273,3100,101.074,313329.39999999997
2019-01-23,002273,3100,100.228,310706.8
2019-01-24,002273,3100,100.757,312346.7
2019-01-25,002273,3100,101.814,315623.39999999997
2019-01-28,002273,3100,100.96799999999999,313000.8
2019-01-29,002273,3100,96.73899999999999,299890.89999999997
2019-01-30,002273,3100,96.105,297925.5
2019-01-31,002273,3100,96.95100000000001,300548.10000000003
2019-02-01,002273,3100,101.074,313329.39999999997
2019-02-11,002273,3100,108.686,336926.60000000003
2019-02-12,002273,3100,108.898,337583.8
2019-02-13,002273,3100,114.818,355935.8
2019-02-14,002273,3100,113.655,352330.5
2019-02-15,002273,3100,113.12700000000001,350693.7
2019-02-18,002273,3100,117.77799999999999,365111.8
2019-02-19,002273,3100,115.135,356918.5
2019-02-20,002273,3100,114.60700000000001,355281.70000000007
2019-02-21,002273,3100,118.51899999999999,367408.89999999997
2019-02-22,002273,3100,126.448,391988.8
2019-02-25,002273,3100,136.069,421813.89999999997
2019-02-26,002273,3100,132.89700000000002,411980.70000000007
2019-02-27,002273,3100,130.783,405427.3
2019-02-28,002273,3100,130.783,405427.3
2019-03-01,002273,3100,129.514,401493.4
2019-01-03,002792,900,46.479,41831.1
2019-01-04,002792,900,47.086000000000006,42377.4
2019-01-07,002792,900,49.333999999999996,44400.6
2019-01-08,002792,900,48.93899999999999,44045.09999999999
2019-01-09,002792,900,49.045,44140.5
2019-01-10,002792,900,51.306999999999995,46176.299999999996
2019-01-11,002792,900,50.427,45384.3
2019-01-14,002792,900,51.398999999999994,46259.09999999999
2019-01-15,002792,900,50.943000000000005,45848.700000000004
2019-01-16,002792,900,50.746,45671.4
2019-01-17,002792,900,49.136,44222.4
2019-01-18,002792,900,49.607,44646.3
2019-01-21,002792,900,51.626000000000005,46463.4
2019-01-22,002792,900,50.608999999999995,45548.1
2019-01-23,002792,900,50.715,45643.5
2019-01-24,002792,900,50.821999999999996,45739.799999999996
2019-01-25,002792,900,49.713,44741.700000000004
2019-01-28,002792,900,46.858000000000004,42172.200000000004
2019-01-29,002792,900,47.724,42951.6
2019-01-30,002792,900,45.887,41298.3
2019-01-31,002792,900,46.722,42049.8
2019-02-01,002792,900,48.316,43484.4
2019-02-11,002792,900,50.078,45070.200000000004
2019-02-12,002792,900,49.956,44960.4
2019-02-13,002792,900,51.095,45985.5
2019-02-14,002792,900,50.685,45616.5
2019-02-15,002792,900,51.49,46341.0
2019-02-18,002792,900,52.871,47583.9
2019-02-19,002792,900,51.809,46628.1
2019-02-20,002792,900,52.006,46805.4
2019-02-21,002792,900,53.114,47802.6
2019-02-22,002792,900,55.391999999999996,49852.799999999996
2019-02-25,002792,900,57.472,51724.8
2019-02-26,002792,900,55.088,49579.200000000004
2019-02-27,002792,900,53.433,48089.7
2019-02-28,002792,900,52.841,47556.9
2019-03-01,002792,900,53.145,47830.5
2019-01-03,002632,4300,37.231,160093.30000000002
2019-01-04,002632,4300,38.094,163804.2
2019-01-07,002632,4300,38.364000000000004,164965.2
2019-01-08,002632,4300,38.472,165429.6
2019-01-09,002632,4300,38.796,166822.8
2019-01-10,002632,4300,38.525999999999996,165661.8
2019-01-11,002632,4300,38.85,167055.0
2019-01-14,002632,4300,38.525999999999996,165661.8
2019-01-15,002632,4300,38.85,167055.0
2019-01-16,002632,4300,38.418,165197.4
2019-01-17,002632,4300,37.393,160789.9
2019-01-18,002632,4300,37.878,162875.4
2019-01-21,002632,4300,38.256,164500.8
2019-01-22,002632,4300,37.393,160789.9
2019-01-23,002632,4300,37.986,163339.8
2019-01-24,002632,4300,38.094,163804.2
2019-01-25,002632,4300,38.525999999999996,165661.8
2019-01-28,002632,4300,38.688,166358.40000000002
2019-01-29,002632,4300,37.662,161946.6
2019-01-30,002632,4300,37.501,161254.3
2019-01-31,002632,4300,36.961,158932.3
2019-02-01,002632,4300,37.716,162178.80000000002
2019-02-11,002632,4300,40.251999999999995,173083.59999999998
2019-02-12,002632,4300,40.9,175870.0
2019-02-13,002632,4300,40.792,175405.6
2019-02-14,002632,4300,43.273999999999994,186078.19999999998
2019-02-15,002632,4300,42.411,182367.30000000002
2019-02-18,002632,4300,43.273999999999994,186078.19999999998
2019-02-19,002632,4300,43.652,187703.6
2019-02-20,002632,4300,45.864,197215.19999999998
2019-02-21,002632,4300,44.731,192343.30000000002
2019-02-22,002632,4300,45.217,194433.1
2019-02-25,002632,4300,47.266999999999996,203248.09999999998
2019-02-26,002632,4300,45.864,197215.19999999998
2019-02-27,002632,4300,45.702,196518.6
2019-02-28,002632,4300,45.431999999999995,195357.59999999998
2019-03-01,002632,4300,45.864,197215.19999999998
2019-01-03,002920,1700,17.538,29814.600000000002
2019-01-04,002920,1700,18.183,30911.1
2019-01-07,002920,1700,18.637,31682.9
2019-01-08,002920,1700,18.617,31648.9
2019-01-09,002920,1700,19.646,33398.200000000004
2019-01-10,002920,1700,19.918,33860.6
2019-01-11,002920,1700,20.049,34083.299999999996
2019-01-14,002920,1700,20.230999999999998,34392.7
2019-01-15,002920,1700,20.473,34804.1
2019-01-16,002920,1700,21.108,35883.6
2019-01-17,002920,1700,20.805,35368.5
2019-01-18,002920,1700,20.947,35609.9
2019-01-21,002920,1700,20.916,35557.2
2019-01-22,002920,1700,20.340999999999998,34579.7
2019-01-23,002920,1700,20.886,35506.2
2019-01-24,002920,1700,21.249000000000002,36123.3
2019-01-25,002920,1700,20.976999999999997,35660.899999999994
2019-01-28,002920,1700,21.199,36038.3
2019-01-29,002920,1700,21.461,36483.7
2019-01-30,002920,1700,20.624000000000002,35060.8
2019-01-31,002920,1700,20.775,35317.5
2019-02-01,002920,1700,21.631999999999998,36774.399999999994
2019-02-11,002920,1700,22.631,38472.7
2019-02-12,002920,1700,22.399,38078.3
2019-02-13,002920,1700,23.215999999999998,39467.2
2019-02-14,002920,1700,23.024,39140.8
2019-02-15,002920,1700,22.853,38850.100000000006
2019-02-18,002920,1700,23.285999999999998,39586.2
2019-02-19,002920,1700,23.054000000000002,39191.8
2019-02-20,002920,1700,23.236,39501.200000000004
2019-02-21,002920,1700,23.397,39774.899999999994
2019-02-22,002920,1700,23.962,40735.4
2019-02-25,002920,1700,25.888,44009.600000000006
2019-02-26,002920,1700,25.525,43392.5
2019-02-27,002920,1700,24.819000000000003,42192.3
2019-02-28,002920,1700,25.999000000000002,44198.3
2019-03-01,002920,1700,25.394000000000002,43169.8
2019-01-03,300036,1700,91.59100000000001,155704.7
2019-01-04,300036,1700,92.805,157768.5
2019-01-07,300036,1700,96.025,163242.5
2019-01-08,300036,1700,93.96600000000001,159742.2
2019-01-09,300036,1700,93.861,159563.7
2019-01-10,300036,1700,92.594,157409.8
2019-01-11,300036,1700,85.995,146191.5
2019-01-14,300036,1700,83.831,142512.7
2019-01-15,300036,1700,85.20299999999999,144845.09999999998
2019-01-16,300036,1700,85.78399999999999,145832.8
2019-01-17,300036,1700,80.874,137485.8
2019-01-18,300036,1700,80.399,136678.3
2019-01-21,300036,1700,79.71300000000001,135512.1
2019-01-22,300036,1700,79.555,135243.5
2019-01-23,300036,1700,78.71,133807.0
2019-01-24,300036,1700,81.191,138024.7
2019-01-25,300036,1700,79.027,134345.9
2019-01-28,300036,1700,76.282,129679.4
2019-01-29,300036,1700,75.437,128242.9
2019-01-30,300036,1700,76.282,129679.4
2019-01-31,300036,1700,68.68,116756.00000000001
2019-02-01,300036,1700,73.431,124832.7
2019-02-11,300036,1700,77.865,132370.5
2019-02-12,300036,1700,78.077,132730.9
2019-02-13,300036,1700,81.877,139190.9
2019-02-14,300036,1700,82.72200000000001,140627.40000000002
2019-02-15,300036,1700,81.297,138204.9
2019-02-18,300036,1700,85.573,145474.09999999998
2019-02-19,300036,1700,86.47,146999.0
2019-02-20,300036,1700,84.411,143498.7
2019-02-21,300036,1700,82.775,140717.5
2019-02-22,300036,1700,85.098,144666.6
2019-02-25,300036,1700,89.426,152024.2
2019-02-26,300036,1700,88.37100000000001,150230.7
2019-02-27,300036,1700,88.318,150140.6
2019-02-28,300036,1700,89.63799999999999,152384.59999999998
2019-03-01,300036,1700,89.057,151396.9
2019-01-03,002341,3000,82.721,248163.0
2019-01-04,002341,3000,85.119,255357.0
2019-01-07,002341,3000,88.51100000000001,265533.00000000006
2019-01-08,002341,3000,88.594,265782.0
2019-01-09,002341,3000,90.993,272979.0
2019-01-10,002341,3000,88.676,266028.0
2019-01-11,002341,3000,86.27799999999999,258833.99999999997
2019-01-14,002341,3000,86.195,258584.99999999997
2019-01-15,002341,3000,86.939,260816.99999999997
2019-01-16,002341,3000,84.62299999999999,253868.99999999997
2019-01-17,002341,3000,85.86399999999999,257591.99999999997
2019-01-18,002341,3000,86.774,260322.0
2019-01-21,002341,3000,85.45,256350.0
2019-01-22,002341,3000,85.285,255855.0
2019-01-23,002341,3000,86.85700000000001,260571.00000000003
2019-01-24,002341,3000,92.81200000000001,278436.00000000006
2019-01-25,002341,3000,94.963,284889.0
2019-01-28,002341,3000,93.061,279183.0
2019-01-29,002341,3000,90.993,272979.0
2019-01-30,002341,3000,88.925,266775.0
2019-01-31,002341,3000,87.684,263052.0
2019-02-01,002341,3000,91.90299999999999,275709.0
2019-02-11,002341,3000,100.09200000000001,300276.00000000006
2019-02-12,002341,3000,100.506,301518.0
2019-02-13,002341,3000,107.785,323355.0
2019-02-14,002341,3000,105.965,317895.0
2019-02-15,002341,3000,107.206,321618.0
2019-02-18,002341,3000,109.605,328815.0
2019-02-19,002341,3000,103.73200000000001,311196.00000000006
2019-02-20,002341,3000,101.49799999999999,304494.0
2019-02-21,002341,3000,97.445,292335.0
2019-02-22,002341,3000,96.45200000000001,289356.00000000006
2019-02-25,002341,3000,102.73899999999999,308216.99999999994
2019-02-26,002341,3000,102.16,306480.0
2019-02-27,002341,3000,98.934,296802.0
2019-02-28,002341,3000,94.963,284889.0
2019-03-01,002341,3000,97.693,293079.0
2019-01-03,002050,2400,78.829,189189.59999999998
2019-01-04,002050,2400,81.015,194436.0
2019-01-07,002050,2400,84.229,202149.6
2019-01-08,002050,2400,84.80799999999999,203539.19999999998
2019-01-09,002050,2400,87.18700000000001,209248.80000000002
2019-01-10,002050,2400,86.287,207088.80000000002
2019-01-11,002050,2400,87.637,210328.8
2019-01-14,002050,2400,88.087,211408.80000000002
2019-01-15,002050,2400,89.052,213724.80000000002
2019-01-16,002050,2400,88.602,212644.80000000002
2019-01-17,002050,2400,85.90100000000001,206162.40000000002
2019-01-18,002050,2400,86.801,208322.4
2019-01-21,002050,2400,86.15799999999999,206779.19999999998
2019-01-22,002050,2400,84.35799999999999,202459.19999999998
2019-01-23,002050,2400,86.223,206935.2
2019-01-24,002050,2400,85.515,205236.0
2019-01-25,002050,2400,87.509,210021.6
2019-01-28,002050,2400,86.223,206935.2
2019-01-29,002050,2400,85.90100000000001,206162.40000000002
2019-01-30,002050,2400,83.587,200608.80000000002
2019-01-31,002050,2400,85.387,204928.8
2019-02-01,002050,2400,86.994,208785.6
2019-02-11,002050,2400,90.209,216501.6
2019-02-12,002050,2400,91.045,218508.0
2019-02-13,002050,2400,94.38799999999999,226531.19999999998
2019-02-14,002050,2400,93.617,224680.80000000002
2019-02-15,002050,2400,91.68799999999999,220051.19999999998
2019-02-18,002050,2400,95.67399999999999,229617.59999999998
2019-02-19,002050,2400,93.617,224680.80000000002
2019-02-20,002050,2400,93.874,225297.59999999998
2019-02-21,002050,2400,91.945,220667.99999999997
2019-02-22,002050,2400,93.745,224988.0
2019-02-25,002050,2400,98.50299999999999,236407.19999999995
2019-02-26,002050,2400,96.896,232550.4
2019-02-27,002050,2400,94.90299999999999,227767.19999999998
2019-02-28,002050,2400,94.774,227457.6
2019-03-01,002050,2400,94.581,226994.4
2019-01-03,002475,2200,267.241,587930.2
2019-01-04,002475,2200,262.473,577440.6
2019-01-07,002475,2200,272.407,599295.3999999999
2019-01-08,002475,2200,276.381,608038.2
2019-01-09,002475,2200,277.971,611536.2
2019-01-10,002475,2200,296.25,651750.0
2019-01-11,002475,2200,293.07099999999997,644756.2
2019-01-14,002475,2200,294.462,647816.4
2019-01-15,002475,2200,298.83299999999997,657432.6
2019-01-16,002475,2200,296.449,652187.8
2019-01-17,002475,2200,296.449,652187.8
2019-01-18,002475,2200,299.827,659619.4
2019-01-21,002475,2200,299.231,658308.2
2019-01-22,002475,2200,299.628,659181.6
2019-01-23,002475,2200,299.628,659181.6
2019-01-24,002475,2200,300.026,660057.2000000001
2019-01-25,002475,2200,309.563,681038.6
2019-01-28,002475,2200,324.663,714258.6
2019-01-29,002475,2200,323.471,711636.2
2019-01-30,002475,2200,321.087,706391.4
2019-01-31,002475,2200,325.259,715569.8
2019-02-01,002475,2200,331.816,729995.2
2019-02-11,002475,2200,348.705,767151.0
2019-02-12,002475,2200,347.314,764090.8
2019-02-13,002475,2200,348.30800000000005,766277.6000000001
2019-02-14,002475,2200,342.148,752725.6000000001
2019-02-15,002475,2200,339.764,747480.8
2019-02-18,002475,2200,362.61400000000003,797750.8
2019-02-19,002475,2200,363.806,800373.2
2019-02-20,002475,2200,387.251,851952.2
2019-02-21,002475,2200,385.265,847583.0
2019-02-22,002475,2200,406.723,894790.6
2019-02-25,002475,2200,421.228,926701.6
2019-02-26,002475,2200,426.791,938940.2
2019-02-27,002475,2200,413.876,910527.2
2019-02-28,002475,2200,416.658,916647.6
2019-03-01,002475,2200,415.06800000000004,913149.6000000001
2019-01-03,002281,1100,81.89699999999999,90086.7
2019-01-04,002281,1100,83.154,91469.4
2019-01-07,002281,1100,86.796,95475.6
2019-01-08,002281,1100,86.31299999999999,94944.29999999999
2019-01-09,002281,1100,85.89399999999999,94483.4
2019-01-10,002281,1100,86.37700000000001,95014.70000000001
2019-01-11,002281,1100,87.086,95794.59999999999
2019-01-14,002281,1100,87.24700000000001,95971.70000000001
2019-01-15,002281,1100,88.085,96893.5
2019-01-16,002281,1100,87.24700000000001,95971.70000000001
2019-01-17,002281,1100,85.958,94553.8
2019-01-18,002281,1100,85.44200000000001,93986.20000000001
2019-01-21,002281,1100,87.537,96290.70000000001
2019-01-22,002281,1100,85.507,94057.70000000001
2019-01-23,002281,1100,84.927,93419.70000000001
2019-01-24,002281,1100,85.571,94128.09999999999
2019-01-25,002281,1100,84.70100000000001,93171.1
2019-01-28,002281,1100,84.79799999999999,93277.79999999999
2019-01-29,002281,1100,83.476,91823.6
2019-01-30,002281,1100,83.605,91965.5
2019-01-31,002281,1100,83.79899999999999,92178.9
2019-02-01,002281,1100,85.66799999999999,94234.79999999999
2019-02-11,002281,1100,87.698,96467.79999999999
2019-02-12,002281,1100,87.76299999999999,96539.29999999999
2019-02-13,002281,1100,91.01799999999999,100119.79999999999
2019-02-14,002281,1100,90.212,99233.2
2019-02-15,002281,1100,89.82600000000001,98808.6
2019-02-18,002281,1100,93.725,103097.5
2019-02-19,002281,1100,92.887,102175.7
2019-02-20,002281,1100,92.92,102212.0
2019-02-21,002281,1100,100.26799999999999,110294.79999999999
2019-02-22,002281,1100,106.166,116782.59999999999
2019-02-25,002281,1100,108.616,119477.6
2019-02-26,002281,1100,105.071,115578.09999999999
2019-02-27,002281,1100,102.331,112564.1
2019-02-28,002281,1100,103.685,114053.5
2019-03-01,002281,1100,102.814,113095.4
2019-01-03,002454,7200,11.589,83440.8
2019-01-04,002454,7200,11.897,85658.40000000001
2019-01-07,002454,7200,11.981,86263.2
2019-01-08,002454,7200,12.065,86868.0
2019-01-09,002454,7200,12.065,86868.0
2019-01-10,002454,7200,11.981,86263.2
2019-01-11,002454,7200,12.205,87876.0
2019-01-14,002454,7200,12.149000000000001,87472.8
2019-01-15,002454,7200,12.317,88682.4
2019-01-16,002454,7200,12.261,88279.2
2019-01-17,002454,7200,12.037,86666.40000000001
2019-01-18,002454,7200,12.261,88279.2
2019-01-21,002454,7200,13.492,97142.40000000001
2019-01-22,002454,7200,13.155999999999999,94723.2
2019-01-23,002454,7200,14.472000000000001,104198.40000000001
2019-01-24,002454,7200,14.248,102585.59999999999
2019-01-25,002454,7200,13.464,96940.8
2019-01-28,002454,7200,13.044,93916.8
2019-01-29,002454,7200,12.652999999999999,91101.59999999999
2019-01-30,002454,7200,12.009,86464.8
2019-01-31,002454,7200,11.505,82836.0
2019-02-01,002454,7200,11.785,84852.0
2019-02-11,002454,7200,12.177,87674.4
2019-02-12,002454,7200,12.289000000000001,88480.80000000002
2019-02-13,002454,7200,13.015999999999998,93715.19999999998
2019-02-14,002454,7200,12.988,93513.59999999999
2019-02-15,002454,7200,12.932,93110.40000000001
2019-02-18,002454,7200,13.324000000000002,95932.80000000002
2019-02-19,002454,7200,13.212,95126.4
2019-02-20,002454,7200,13.267999999999999,95529.59999999999
2019-02-21,002454,7200,13.155999999999999,94723.2
2019-02-22,002454,7200,13.38,96336.0
2019-02-25,002454,7200,13.968,100569.6
2019-02-26,002454,7200,13.94,100368.0
2019-02-27,002454,7200,13.884,99964.8
2019-02-28,002454,7200,13.828,99561.59999999999
2019-03-01,002454,7200,13.687999999999999,98553.59999999999
2019-01-03,300502,1600,56.571000000000005,90513.6
2019-01-04,300502,1600,57.299,91678.4
2019-01-07,300502,1600,60.211000000000006,96337.6
2019-01-08,300502,1600,59.301,94881.6
2019-01-09,300502,1600,61.03,97648.0
2019-01-10,300502,1600,67.127,107403.2
2019-01-11,300502,1600,65.54899999999999,104878.4
2019-01-14,300502,1600,67.855,108568.0
2019-01-15,300502,1600,64.67,103472.0
2019-01-16,300502,1600,66.095,105752.0
2019-01-17,300502,1600,64.002,102403.2
2019-01-18,300502,1600,64.336,102937.59999999999
2019-01-21,300502,1600,65.822,105315.20000000001
2019-01-22,300502,1600,66.914,107062.40000000001
2019-01-23,300502,1600,66.672,106675.2
2019-01-24,300502,1600,69.462,111139.20000000001
2019-01-25,300502,1600,67.278,107644.8
2019-01-28,300502,1600,65.064,104102.4
2019-01-29,300502,1600,64.579,103326.4
2019-01-30,300502,1600,63.244,101190.4
2019-01-31,300502,1600,62.577,100123.2
2019-02-01,300502,1600,63.699,101918.4
2019-02-11,300502,1600,67.157,107451.2
2019-02-12,300502,1600,68.219,109150.4
2019-02-13,300502,1600,68.977,110363.20000000001
2019-02-14,300502,1600,68.279,109246.4
2019-02-15,300502,1600,66.945,107111.99999999999
2019-02-18,300502,1600,73.22399999999999,117158.39999999998
2019-02-19,300502,1600,71.586,114537.59999999999
2019-02-20,300502,1600,75.62,120992.0
2019-02-21,300502,1600,77.258,123612.79999999999
2019-02-22,300502,1600,80.50399999999999,128806.39999999998
2019-02-25,300502,1600,84.234,134774.4
2019-02-26,300502,1600,80.413,128660.79999999999
2019-02-27,300502,1600,80.443,128708.8
2019-02-28,300502,1600,83.65799999999999,133852.8
2019-03-01,300502,1600,85.11399999999999,136182.4
2019-01-03,002812,600,94.119,56471.4
2019-01-04,002812,600,101.20700000000001,60724.200000000004
2019-01-07,002812,600,100.25,60150.0
2019-01-08,002812,600,102.959,61775.4
2019-01-09,002812,600,97.765,58659.0
2019-01-10,002812,600,95.993,57595.799999999996
2019-01-11,002812,600,94.425,56655.0
2019-01-14,002812,600,95.402,57241.2
2019-01-15,002812,600,93.569,56141.4
2019-01-16,002812,600,92.775,55665.0
2019-01-17,002812,600,95.50399999999999,57302.399999999994
2019-01-18,002812,600,95.361,57216.600000000006
2019-01-21,002812,600,96.48200000000001,57889.20000000001
2019-01-22,002812,600,97.17399999999999,58304.399999999994
2019-01-23,002812,600,100.413,60247.799999999996
2019-01-24,002812,600,102.307,61384.200000000004
2019-01-25,002812,600,102.022,61213.200000000004
2019-01-28,002812,600,98.885,59331.0
2019-01-29,002812,600,99.15,59490.0
2019-01-30,002812,600,95.321,57192.6
2019-01-31,002812,600,94.465,56679.0
2019-02-01,002812,600,96.93,58158.00000000001
2019-02-11,002812,600,100.352,60211.200000000004
2019-02-12,002812,600,103.95700000000001,62374.200000000004
2019-02-13,002812,600,108.152,64891.2
2019-02-14,002812,600,108.845,65307.0
2019-02-15,002812,600,103.875,62325.0
2019-02-18,002812,600,103.794,62276.4
2019-02-19,002812,600,101.24799999999999,60748.799999999996
2019-02-20,002812,600,102.287,61372.200000000004
2019-02-21,002812,600,104.384,62630.4
2019-02-22,002812,600,103.875,62325.0
2019-02-25,002812,600,111.208,66724.8
2019-02-26,002812,600,113.73299999999999,68239.79999999999
2019-02-27,002812,600,111.839,67103.4
2019-02-28,002812,600,114.059,68435.4
2019-03-01,002812,600,120.169,72101.4
2019-01-03,002796,900,33.228,29905.2
2019-01-04,002796,900,34.222,30799.800000000003
2019-01-07,002796,900,35.953,32357.700000000004
2019-01-08,002796,900,35.144,31629.6
2019-01-09,002796,900,34.765,31288.5
2019-01-10,002796,900,35.779,32201.100000000002
2019-01-11,002796,900,37.479,33731.1
2019-01-14,002796,900,36.772,33094.799999999996
2019-01-15,002796,900,37.592,33832.799999999996
2019-01-16,002796,900,38.288000000000004,34459.200000000004
2019-01-17,002796,900,39.999,35999.1
2019-01-18,002796,900,40.019,36017.1
2019-01-21,002796,900,40.624,36561.6
2019-01-22,002796,900,39.599000000000004,35639.100000000006
2019-01-23,002796,900,39.015,35113.5
2019-01-24,002796,900,39.025999999999996,35123.399999999994
2019-01-25,002796,900,40.531,36477.9
2019-01-28,002796,900,39.497,35547.3
2019-01-29,002796,900,40.449,36404.1
2019-01-30,002796,900,38.79,34911.0
2019-01-31,002796,900,38.186,34367.4
2019-02-01,002796,900,39.077,35169.299999999996
2019-02-11,002796,900,41.25899999999999,37133.09999999999
2019-02-12,002796,900,41.003,36902.7
2019-02-13,002796,900,43.901,39510.9
2019-02-14,002796,900,43.768,39391.2
2019-02-15,002796,900,43.01,38709.0
2019-02-18,002796,900,45.36600000000001,40829.40000000001
2019-02-19,002796,900,45.202,40681.799999999996
2019-02-20,002796,900,45.376000000000005,40838.4
2019-02-21,002796,900,48.111000000000004,43299.9
2019-02-22,002796,900,49.76,44784.0
2019-02-25,002796,900,51.543,46388.7
2019-02-26,002796,900,51.973,46775.7
2019-02-27,002796,900,50.088,45079.200000000004
2019-02-28,002796,900,49.986000000000004,44987.4
2019-03-01,002796,900,50.119,45107.1
2019-01-03,300253,2500,319.481,798702.5
2019-01-04,300253,2500,326.22700000000003,815567.5000000001
2019-01-07,300253,2500,329.465,823662.4999999999
2019-01-08,300253,2500,320.02099999999996,800052.4999999999
2019-01-09,300253,2500,324.068,810170.0
2019-01-10,300253,2500,300.863,752157.5
2019-01-11,300253,2500,276.578,691444.9999999999
2019-01-14,300253,2500,282.514,706285.0
2019-01-15,300253,2500,287.371,718427.5
2019-01-16,300253,2500,284.673,711682.5
2019-01-17,300253,2500,279.546,698865.0
2019-01-18,300253,2500,284.403,711007.5
2019-01-21,300253,2500,280.895,702237.5
2019-01-22,300253,2500,268.21299999999997,670532.4999999999
2019-01-23,300253,2500,269.832,674580.0
2019-01-24,300253,2500,274.959,687397.5
2019-01-25,300253,2500,272.26099999999997,680652.4999999999
2019-01-28,300253,2500,273.07,682675.0
2019-01-29,300253,2500,266.86400000000003,667160.0000000001
2019-01-30,300253,2500,278.467,696167.5
2019-01-31,300253,2500,273.88,684700.0
2019-02-01,300253,2500,286.29200000000003,715730.0000000001
2019-02-11,300253,2500,302.752,756880.0
2019-02-12,300253,2500,301.942,754855.0
2019-02-13,300253,2500,307.878,769695.0
2019-02-14,300253,2500,313.815,784537.5
2019-02-15,300253,2500,307.339,768347.5
2019-02-18,300253,2500,320.561,801402.5
2019-02-19,300253,2500,317.592,793980.0
2019-02-20,300253,2500,309.767,774417.5
2019-02-21,300253,2500,304.91,762275.0000000001
2019-02-22,300253,2500,317.053,792632.5
2019-02-25,300253,2500,348.89300000000003,872232.5000000001
2019-02-26,300253,2500,348.083,870207.5000000001
2019-02-27,300253,2500,339.719,849297.5
2019-02-28,300253,2500,347.814,869535.0
2019-03-01,300253,2500,347.004,867510.0
2019-01-03,002384,2900,73.015,211743.5
2019-01-04,002384,2900,70.176,203510.4
2019-01-07,002384,2900,73.597,213431.3
2019-01-08,002384,2900,72.942,211531.8
2019-01-09,002384,2900,73.743,213854.69999999998
2019-01-10,002384,2900,74.325,215542.5
2019-01-11,002384,2900,76.509,221876.1
2019-01-14,002384,2900,77.09100000000001,223563.90000000002
2019-01-15,002384,2900,75.49,218920.99999999997
2019-01-16,002384,2900,73.67,213643.0
2019-01-17,002384,2900,71.486,207309.40000000002
2019-01-18,002384,2900,72.432,210052.80000000002
2019-01-21,002384,2900,73.743,213854.69999999998
2019-01-22,002384,2900,71.99600000000001,208788.40000000002
2019-01-23,002384,2900,71.04899999999999,206042.09999999998
2019-01-24,002384,2900,73.67,213643.0
2019-01-25,002384,2900,75.344,218497.59999999998
2019-01-28,002384,2900,75.854,219976.6
2019-01-29,002384,2900,69.156,200552.40000000002
2019-01-30,002384,2900,76.072,220608.80000000002
2019-01-31,002384,2900,76.363,221452.7
2019-02-01,002384,2900,79.93,231797.00000000003
2019-02-11,002384,2900,87.93799999999999,255020.19999999995
2019-02-12,002384,2900,92.23299999999999,267475.69999999995
2019-02-13,002384,2900,93.689,271698.1
2019-02-14,002384,2900,97.54700000000001,282886.30000000005
2019-02-15,002384,2900,94.999,275497.1
2019-02-18,002384,2900,104.535,303151.5
2019-02-19,002384,2900,107.083,310540.7
2019-02-20,002384,2900,107.01100000000001,310331.9
2019-02-21,002384,2900,107.01100000000001,310331.9
2019-02-22,002384,2900,116.11,336719.0
2019-02-25,002384,2900,122.443,355084.7
2019-02-26,002384,2900,122.516,355296.4
2019-02-27,002384,2900,118.148,342629.2
2019-02-28,002384,2900,116.62,338198.0
2019-03-01,002384,2900,116.69200000000001,338406.80000000005
2019-01-03,300322,2900,45.04,130616.0
2019-01-04,300322,2900,47.15,136735.0
2019-01-07,300322,2900,47.281000000000006,137114.90000000002
2019-01-08,300322,2900,47.897,138901.3
2019-01-09,300322,2900,46.93,136097.0
2019-01-10,300322,2900,47.369,137370.1
2019-01-11,300322,2900,47.897,138901.3
2019-01-14,300322,2900,47.236999999999995,136987.3
2019-01-15,300322,2900,46.974,136224.59999999998
2019-01-16,300322,2900,46.007,133420.3
2019-01-17,300322,2900,46.227,134058.3
2019-01-18,300322,2900,45.919,133165.09999999998
2019-01-21,300322,2900,47.236999999999995,136987.3
2019-01-22,300322,2900,47.193000000000005,136859.7
2019-01-23,300322,2900,46.666000000000004,135331.40000000002
2019-01-24,300322,2900,48.336000000000006,140174.40000000002
2019-01-25,300322,2900,47.809,138646.1
2019-01-28,300322,2900,48.775,141447.5
2019-01-29,300322,2900,45.787,132782.3
2019-01-30,300322,2900,45.43600000000001,131764.40000000002
2019-01-31,300322,2900,45.831,132909.90000000002
2019-02-01,300322,2900,46.358999999999995,134441.09999999998
2019-02-11,300322,2900,48.11600000000001,139536.40000000002
2019-02-12,300322,2900,48.248000000000005,139919.2
2019-02-13,300322,2900,49.653999999999996,143996.59999999998
2019-02-14,300322,2900,48.995,142085.5
2019-02-15,300322,2900,51.236000000000004,148584.40000000002
2019-02-18,300322,2900,52.773999999999994,153044.59999999998
2019-02-19,300322,2900,52.203,151388.7
2019-02-20,300322,2900,57.431999999999995,166552.8
2019-02-21,300322,2900,63.188,183245.2
2019-02-22,300322,2900,66.44,192676.0
2019-02-25,300322,2900,68.329,198154.09999999998
2019-02-26,300322,2900,65.957,191275.3
2019-02-27,300322,2900,63.76,184904.0
2019-02-28,300322,2900,65.429,189744.1
2019-03-01,300322,2900,65.473,189871.69999999998
2019-01-03,300136,1500,259.41200000000003,389118.00000000006
2019-01-04,300136,1500,258.89,388335.0
2019-01-07,300136,1500,275.98400000000004,413976.00000000006
2019-01-08,300136,1500,271.678,407517.0
2019-01-09,300136,1500,274.67900000000003,412018.50000000006
2019-01-10,300136,1500,280.029,420043.5
2019-01-11,300136,1500,279.508,419262.0
2019-01-14,300136,1500,266.067,399100.5
2019-01-15,300136,1500,269.851,404776.5
2019-01-16,300136,1500,262.283,393424.5
2019-01-17,300136,1500,254.454,381681.0
2019-01-18,300136,1500,261.10900000000004,391663.50000000006
2019-01-21,300136,1500,269.982,404973.00000000006
2019-01-22,300136,1500,262.54400000000004,393816.00000000006
2019-01-23,300136,1500,257.846,386769.0
2019-01-24,300136,1500,276.767,415150.5
2019-01-25,300136,1500,284.205,426307.5
2019-01-28,300136,1500,294.905,442357.49999999994
2019-01-29,300136,1500,290.077,435115.5
2019-01-30,300136,1500,293.339,440008.5
2019-01-31,300136,1500,295.688,443532.0
2019-02-01,300136,1500,301.29900000000004,451948.50000000006
2019-02-11,300136,1500,320.481,480721.5
2019-02-12,300136,1500,321.003,481504.5
2019-02-13,300136,1500,322.699,484048.5
2019-02-14,300136,1500,328.441,492661.49999999994
2019-02-15,300136,1500,318.263,477394.49999999994
2019-02-18,300136,1500,339.01,508515.0
2019-02-19,300136,1500,331.44199999999995,497162.99999999994
2019-02-20,300136,1500,337.184,505776.00000000006
2019-02-21,300136,1500,339.01,508515.0
2019-02-22,300136,1500,371.894,557841.0
2019-02-25,300136,1500,389.64,584460.0
2019-02-26,300136,1500,393.816,590724.0
2019-02-27,300136,1500,390.162,585243.0
2019-02-28,300136,1500,387.55199999999996,581328.0
2019-03-01,300136,1500,394.077,591115.5
2019-01-03,300134,3300,39.071,128934.29999999999
2019-01-04,300134,3300,39.591,130650.3
2019-01-07,300134,3300,40.542,133788.6
2019-01-08,300134,3300,40.715,134359.5
2019-01-09,300134,3300,42.446000000000005,140071.80000000002
2019-01-10,300134,3300,44.956,148354.80000000002
2019-01-11,300134,3300,44.263000000000005,146067.90000000002
2019-01-14,300134,3300,46.123999999999995,152209.19999999998
2019-01-15,300134,3300,44.998999999999995,148496.69999999998
2019-01-16,300134,3300,43.614,143926.19999999998
2019-01-17,300134,3300,44.869,148067.7
2019-01-18,300134,3300,47.033,155208.9
2019-01-21,300134,3300,47.725,157492.5
2019-01-22,300134,3300,48.158,158921.4
2019-01-23,300134,3300,47.076,155350.8
2019-01-24,300134,3300,46.123999999999995,152209.19999999998
2019-01-25,300134,3300,44.523,146925.90000000002
2019-01-28,300134,3300,44.913000000000004,148212.90000000002
2019-01-29,300134,3300,40.413000000000004,133362.90000000002
2019-01-30,300134,3300,40.931999999999995,135075.59999999998
2019-01-31,300134,3300,39.72,131076.0
2019-02-01,300134,3300,40.931999999999995,135075.59999999998
2019-02-11,300134,3300,42.489,140213.69999999998
2019-02-12,300134,3300,43.00899999999999,141929.69999999998
2019-02-13,300134,3300,47.292,156063.6
2019-02-14,300134,3300,46.946000000000005,154921.80000000002
2019-02-15,300134,3300,49.888000000000005,164630.40000000002
2019-02-18,300134,3300,54.864,181051.19999999998
2019-02-19,300134,3300,60.316,199042.80000000002
2019-02-20,300134,3300,61.354,202468.2
2019-02-21,300134,3300,60.18600000000001,198613.80000000002
2019-02-22,300134,3300,64.253,212034.9
2019-02-25,300134,3300,65.984,217747.19999999998
2019-02-26,300134,3300,62.955,207751.5
2019-02-27,300134,3300,61.008,201326.40000000002
2019-02-28,300134,3300,61.483999999999995,202897.19999999998
2019-03-01,300134,3300,61.441,202755.30000000002
2019-01-03,300308,700,126.212,88348.40000000001
2019-01-04,300308,700,129.88,90916.0
2019-01-07,300308,700,133.217,93251.90000000001
2019-01-08,300308,700,131.862,92303.4
2019-01-09,300308,700,132.49,92743.0
2019-01-10,300308,700,135.001,94500.7
2019-01-11,300308,700,137.446,96212.2
2019-01-14,300308,700,133.217,93251.90000000001
2019-01-15,300308,700,134.572,94200.40000000001
2019-01-16,300308,700,134.869,94408.3
2019-01-17,300308,700,132.424,92696.8
2019-01-18,300308,700,131.565,92095.5
2019-01-21,300308,700,132.953,93067.1
2019-01-22,300308,700,127.964,89574.8
2019-01-23,300308,700,126.37799999999999,88464.59999999999
2019-01-24,300308,700,128.757,90129.90000000001
2019-01-25,300308,700,125.882,88117.40000000001
2019-01-28,300308,700,127.765,89435.5
2019-01-29,300308,700,125.18799999999999,87631.59999999999
2019-01-30,300308,700,124.726,87308.2
2019-01-31,300308,700,126.51,88557.0
2019-02-01,300308,700,135.13299999999998,94593.09999999999
2019-02-11,300308,700,140.221,98154.7
2019-02-12,300308,700,139.792,97854.4
2019-02-13,300308,700,146.763,102734.1
2019-02-14,300308,700,148.316,103821.2
2019-02-15,300308,700,147.688,103381.59999999999
2019-02-18,300308,700,153.636,107545.2
2019-02-19,300308,700,150.827,105578.9
2019-02-20,300308,700,148.911,104237.7
2019-02-21,300308,700,159.252,111476.40000000001
2019-02-22,300308,700,175.178,122624.59999999999
2019-02-25,300308,700,192.292,134604.4
2019-02-26,300308,700,183.37099999999998,128359.69999999998
2019-02-27,300308,700,178.68,125076.0
2019-02-28,300308,700,180.06799999999998,126047.59999999999
2019-03-01,300308,700,179.737,125815.9
2019-01-03,002463,4400,18.511,81448.4
2019-01-04,002463,4400,20.226,88994.4
2019-01-07,002463,4400,21.151,93064.4
2019-01-08,002463,4400,21.342,93904.79999999999
2019-01-09,002463,4400,21.151,93064.4
2019-01-10,002463,4400,20.988000000000003,92347.20000000001
2019-01-11,002463,4400,21.096999999999998,92826.79999999999
2019-01-14,002463,4400,21.342,93904.79999999999
2019-01-15,002463,4400,21.314,93781.6
2019-01-16,002463,4400,22.43,98692.0
2019-01-17,002463,4400,22.049,97015.59999999999
2019-01-18,002463,4400,22.131,97376.4
2019-01-21,002463,4400,22.594,99413.6
2019-01-22,002463,4400,21.968000000000004,96659.20000000001
2019-01-23,002463,4400,21.668000000000003,95339.20000000001
2019-01-24,002463,4400,22.158,97495.20000000001
2019-01-25,002463,4400,21.886,96298.4
2019-01-28,002463,4400,22.73,100012.0
2019-01-29,002463,4400,22.485,98934.0
2019-01-30,002463,4400,21.804000000000002,95937.6
2019-01-31,002463,4400,22.104,97257.59999999999
2019-02-01,002463,4400,23.329,102647.6
2019-02-11,002463,4400,24.635,108394.0
2019-02-12,002463,4400,24.471999999999998,107676.79999999999
2019-02-13,002463,4400,24.554000000000002,108037.6
2019-02-14,002463,4400,24.826,109234.40000000001
2019-02-15,002463,4400,24.309,106959.6
2019-02-18,002463,4400,26.730999999999998,117616.4
2019-02-19,002463,4400,27.494,120973.6
2019-02-20,002463,4400,28.746,126482.4
2019-02-21,002463,4400,27.929000000000002,122887.6
2019-02-22,002463,4400,29.072,127916.8
2019-02-25,002463,4400,31.985,140734.0
2019-02-26,002463,4400,30.215999999999998,132950.4
2019-02-27,002463,4400,29.399,129355.6
2019-02-28,002463,4400,29.561999999999998,130072.79999999999
2019-03-01,002463,4400,29.671,130552.4
2019-01-03,300602,900,64.024,57621.6
2019-01-04,300602,900,65.027,58524.3
2019-01-07,300602,900,68.158,61342.200000000004
2019-01-08,300602,900,67.255,60529.49999999999
2019-01-09,300602,900,66.251,59625.9
2019-01-10,300602,900,66.85300000000001,60167.700000000004
2019-01-11,300602,900,67.696,60926.4
2019-01-14,300602,900,65.248,58723.200000000004
2019-01-15,300602,900,65.669,59102.1
2019-01-16,300602,900,64.525,58072.50000000001
2019-01-17,300602,900,63.542,57187.8
2019-01-18,300602,900,64.084,57675.600000000006
2019-01-21,300602,900,65.408,58867.200000000004
2019-01-22,300602,900,62.217,55995.299999999996
2019-01-23,300602,900,63.0,56700.0
2019-01-24,300602,900,64.82600000000001,58343.40000000001
2019-01-25,300602,900,66.372,59734.8
2019-01-28,300602,900,64.766,58289.4
2019-01-29,300602,900,66.633,59969.7
2019-01-30,300602,900,65.48899999999999,58940.09999999999
2019-01-31,300602,900,66.291,59661.899999999994
2019-02-01,300602,900,67.616,60854.4
2019-02-11,300602,900,68.98100000000001,62082.90000000001
2019-02-12,300602,900,68.78,61902.0
2019-02-13,300602,900,71.329,64196.09999999999
2019-02-14,300602,900,72.212,64990.8
2019-02-15,300602,900,70.767,63690.299999999996
2019-02-18,300602,900,74.52,67068.0
2019-02-19,300602,900,73.557,66201.3
2019-02-20,300602,900,72.854,65568.6
2019-02-21,300602,900,74.119,66707.1
2019-02-22,300602,900,77.029,69326.09999999999
2019-02-25,300602,900,83.73200000000001,75358.80000000002
2019-02-26,300602,900,82.488,74239.2
2019-02-27,300602,900,81.244,73119.6
2019-02-28,300602,900,81.42399999999999,73281.59999999999
2019-03-01,300602,900,80.08,72072.0
2019-01-03,300408,2000,61.785,123570.0
2019-01-04,300408,2000,62.901,125802.0
2019-01-07,300408,2000,64.967,129934.0
2019-01-08,300408,2000,64.43,128860.00000000001
2019-01-09,300408,2000,64.885,129770.00000000001
2019-01-10,300408,2000,65.298,130596.0
2019-01-11,300408,2000,65.546,131092.0
2019-01-14,300408,2000,66.579,133158.0
2019-01-15,300408,2000,68.191,136382.0
2019-01-16,300408,2000,67.819,135638.0
2019-01-17,300408,2000,66.373,132746.0
2019-01-18,300408,2000,68.604,137208.0
2019-01-21,300408,2000,70.21600000000001,140432.00000000003
2019-01-22,300408,2000,69.22399999999999,138447.99999999997
2019-01-23,300408,2000,68.191,136382.0
2019-01-24,300408,2000,69.968,139936.0
2019-01-25,300408,2000,70.712,141424.0
2019-01-28,300408,2000,71.497,142994.0
2019-01-29,300408,2000,69.92699999999999,139853.99999999997
2019-01-30,300408,2000,69.92699999999999,139853.99999999997
2019-01-31,300408,2000,69.059,138118.0
2019-02-01,300408,2000,72.07600000000001,144152.00000000003
2019-02-11,300408,2000,74.803,149606.0
2019-02-12,300408,2000,76.911,153822.0
2019-02-13,300408,2000,78.234,156468.0
2019-02-14,300408,2000,76.457,152914.0
2019-02-15,300408,2000,76.457,152914.0
2019-02-18,300408,2000,79.556,159112.0
2019-02-19,300408,2000,77.903,155806.0
2019-02-20,300408,2000,77.944,155888.0
2019-02-21,300408,2000,78.44,156880.0
2019-02-22,300408,2000,82.20100000000001,164402.00000000003
2019-02-25,300408,2000,86.58200000000001,173164.00000000003
2019-02-26,300408,2000,84.64,169280.0
2019-02-27,300408,2000,82.86200000000001,165724.00000000003
2019-02-28,300408,2000,81.333,162666.0
2019-03-01,300408,2000,82.242,164484.0
2019-01-03,002859,1000,75.09100000000001,75091.00000000001
2019-01-04,002859,1000,76.05199999999999,76051.99999999999
2019-01-07,002859,1000,77.494,77494.0
2019-01-08,002859,1000,77.392,77392.0
2019-01-09,002859,1000,78.101,78101.0
2019-01-10,002859,1000,77.19,77190.0
2019-01-11,002859,1000,77.139,77139.0
2019-01-14,002859,1000,77.494,77494.0
2019-01-15,002859,1000,78.252,78252.0
2019-01-16,002859,1000,78.176,78176.0
2019-01-17,002859,1000,77.367,77367.0
2019-01-18,002859,1000,80.149,80149.0
2019-01-21,002859,1000,80.17399999999999,80173.99999999999
2019-01-22,002859,1000,80.402,80402.0
2019-01-23,002859,1000,80.47800000000001,80478.00000000001
2019-01-24,002859,1000,81.11,81110.0
2019-01-25,002859,1000,82.324,82324.0
2019-01-28,002859,1000,81.616,81616.0
2019-01-29,002859,1000,81.439,81439.0
2019-01-30,002859,1000,80.048,80048.0
2019-01-31,002859,1000,80.554,80554.0
2019-02-01,002859,1000,81.869,81869.0
2019-02-11,002859,1000,84.348,84348.0
2019-02-12,002859,1000,85.992,85992.0
2019-02-13,002859,1000,86.447,86447.0
2019-02-14,002859,1000,88.242,88242.0
2019-02-15,002859,1000,87.964,87964.0
2019-02-18,002859,1000,90.87299999999999,90872.99999999999
2019-02-19,002859,1000,87.23100000000001,87231.00000000001
2019-02-20,002859,1000,87.43299999999999,87433.0
2019-02-21,002859,1000,88.26799999999999,88267.99999999999
2019-02-22,002859,1000,88.167,88167.0
2019-02-25,002859,1000,91.834,91834.0
2019-02-26,002859,1000,90.038,90038.0
2019-02-27,002859,1000,87.964,87964.0
2019-02-28,002859,1000,88.42,88420.0
2019-03-01,002859,1000,87.509,87509.0
2019-01-03,002570,6000,12.868,77208.0
2019-01-04,002570,6000,13.048,78288.0
2019-01-07,002570,6000,13.1,78600.0
2019-01-08,002570,6000,13.177,79062.0
2019-01-09,002570,6000,13.177,79062.0
2019-01-10,002570,6000,13.126,78756.0
2019-01-11,002570,6000,13.151,78906.0
2019-01-14,002570,6000,13.384,80304.0
2019-01-15,002570,6000,13.435,80610.0
2019-01-16,002570,6000,13.512,81072.0
2019-01-17,002570,6000,13.28,79680.0
2019-01-18,002570,6000,13.28,79680.0
2019-01-21,002570,6000,13.151,78906.0
2019-01-22,002570,6000,13.074000000000002,78444.00000000001
2019-01-23,002570,6000,13.048,78288.0
2019-01-24,002570,6000,13.203,79218.0
2019-01-25,002570,6000,13.151,78906.0
2019-01-28,002570,6000,12.894,77364.0
2019-01-29,002570,6000,12.3,73800.0
2019-01-30,002570,6000,11.991,71946.0
2019-01-31,002570,6000,12.017000000000001,72102.00000000001
2019-02-01,002570,6000,12.558,75348.0
2019-02-11,002570,6000,12.765,76590.0
2019-02-12,002570,6000,12.945,77670.0
2019-02-13,002570,6000,12.997,77982.0
2019-02-14,002570,6000,12.945,77670.0
2019-02-15,002570,6000,12.868,77208.0
2019-02-18,002570,6000,13.048,78288.0
2019-02-19,002570,6000,12.970999999999998,77825.99999999999
2019-02-20,002570,6000,13.616,81696.0
2019-02-21,002570,6000,13.384,80304.0
2019-02-22,002570,6000,13.487,80922.0
2019-02-25,002570,6000,14.027999999999999,84167.99999999999
2019-02-26,002570,6000,14.26,85560.0
2019-02-27,002570,6000,14.699000000000002,88194.00000000001
2019-02-28,002570,6000,14.776,88656.0
2019-03-01,002570,6000,14.75,88500.0
2019-01-03,002496,14100,30.23,426243.0
2019-01-04,002496,14100,30.515,430261.5
2019-01-07,002496,14100,30.372,428245.2
2019-01-08,002496,14100,31.941,450368.1
2019-01-09,002496,14100,32.510999999999996,458405.0999999999
2019-01-10,002496,14100,32.084,452384.4
2019-01-11,002496,14100,30.515,430261.5
2019-01-14,002496,14100,30.8,434280.0
2019-01-15,002496,14100,30.372,428245.2
2019-01-16,002496,14100,30.372,428245.2
2019-01-17,002496,14100,29.945,422224.5
2019-01-18,002496,14100,29.517,416189.7
2019-01-21,002496,14100,30.372,428245.2
2019-01-22,002496,14100,30.087,424226.7
2019-01-23,002496,14100,29.945,422224.5
2019-01-24,002496,14100,29.945,422224.5
2019-01-25,002496,14100,29.517,416189.7
2019-01-28,002496,14100,30.8,434280.0
2019-01-29,002496,14100,31.228,440314.80000000005
2019-01-30,002496,14100,32.226,454386.6
2019-01-31,002496,14100,32.797,462437.69999999995
2019-02-01,002496,14100,0.0,0.0
2019-02-11,002496,14100,36.076,508671.60000000003
2019-02-12,002496,14100,39.641,558938.1
2019-02-13,002496,14100,38.928000000000004,548884.8
2019-02-14,002496,14100,38.071999999999996,536815.2
2019-02-15,002496,14100,39.071,550901.1
2019-02-18,002496,14100,39.784,560954.4
2019-02-19,002496,14100,39.356,554919.6
2019-02-20,002496,14100,40.782,575026.2
2019-02-21,002496,14100,39.926,562956.6
2019-02-22,002496,14100,39.784,560954.4
2019-02-25,002496,14100,40.782,575026.2
2019-02-26,002496,14100,41.923,591114.3
2019-02-27,002496,14100,42.35,597135.0
2019-02-28,002496,14100,42.208,595132.7999999999
2019-03-01,002496,14100,42.35,597135.0
2019-01-03,300394,1200,61.391000000000005,73669.20000000001
2019-01-04,300394,1200,64.122,76946.4
2019-01-07,300394,1200,67.086,80503.2
2019-01-08,300394,1200,66.722,80066.4
2019-01-09,300394,1200,66.124,79348.79999999999
2019-01-10,300394,1200,68.646,82375.2
2019-01-11,300394,1200,68.41199999999999,82094.4
2019-01-14,300394,1200,69.686,83623.20000000001
2019-01-15,300394,1200,70.07600000000001,84091.20000000001
2019-01-16,300394,1200,70.28399999999999,84340.79999999999
2019-01-17,300394,1200,68.646,82375.2
2019-01-18,300394,1200,69.296,83155.20000000001
2019-01-21,300394,1200,70.622,84746.4
2019-01-22,300394,1200,68.906,82687.20000000001
2019-01-23,300394,1200,68.126,81751.20000000001
2019-01-24,300394,1200,68.984,82780.79999999999
2019-01-25,300394,1200,69.4,83280.0
2019-01-28,300394,1200,68.38600000000001,82063.20000000001
2019-01-29,300394,1200,65.786,78943.2
2019-01-30,300394,1200,67.086,80503.2
2019-01-31,300394,1200,68.542,82250.40000000001
2019-02-01,300394,1200,72.0,86400.0
2019-02-11,300394,1200,77.721,93265.20000000001
2019-02-12,300394,1200,77.123,92547.6
2019-02-13,300394,1200,78.033,93639.6
2019-02-14,300394,1200,77.305,92766.00000000001
2019-02-15,300394,1200,76.889,92266.79999999999
2019-02-18,300394,1200,79.09899999999999,94918.79999999999
2019-02-19,300394,1200,82.427,98912.40000000001
2019-02-20,300394,1200,79.827,95792.4
2019-02-21,300394,1200,80.737,96884.4
2019-02-22,300394,1200,86.22399999999999,103468.79999999999
2019-02-25,300394,1200,90.904,109084.79999999999
2019-02-26,300394,1200,86.796,104155.20000000001
2019-02-27,300394,1200,84.325,101190.0
2019-02-28,300394,1200,86.302,103562.40000000001
2019-03-01,300394,1200,87.62799999999999,105153.59999999998
2019-01-03,300570,1700,32.321999999999996,54947.399999999994
2019-01-04,300570,1700,33.353,56700.100000000006
2019-01-07,300570,1700,34.439,58546.3
2019-01-08,300570,1700,34.218,58170.600000000006
2019-01-09,300570,1700,33.739000000000004,57356.30000000001
2019-01-10,300570,1700,35.211999999999996,59860.399999999994
2019-01-11,300570,1700,34.806999999999995,59171.899999999994
2019-01-14,300570,1700,34.789,59141.3
2019-01-15,300570,1700,34.899,59328.3
2019-01-16,300570,1700,33.721,57325.7
2019-01-17,300570,1700,33.371,56730.700000000004
2019-01-18,300570,1700,33.592,57106.4
2019-01-21,300570,1700,34.476,58609.2
2019-01-22,300570,1700,33.923,57669.100000000006
2019-01-23,300570,1700,33.868,57575.600000000006
2019-01-24,300570,1700,35.838,60924.6
2019-01-25,300570,1700,36.408,61893.6
2019-01-28,300570,1700,35.819,60892.3
2019-01-29,300570,1700,36.260999999999996,61643.69999999999
2019-01-30,300570,1700,35.58,60486.0
2019-01-31,300570,1700,35.985,61174.5
2019-02-01,300570,1700,37.55,63834.99999999999
2019-02-11,300570,1700,38.562,65555.4
2019-02-12,300570,1700,38.525,65492.5
2019-02-13,300570,1700,38.654,65711.8
2019-02-14,300570,1700,38.12,64803.99999999999
2019-02-15,300570,1700,37.623000000000005,63959.100000000006
2019-02-18,300570,1700,39.188,66619.6
2019-02-19,300570,1700,38.525,65492.5
2019-02-20,300570,1700,38.341,65179.700000000004
2019-02-21,300570,1700,40.696999999999996,69184.9
2019-02-22,300570,1700,41.562,70655.4
2019-02-25,300570,1700,42.722,72627.40000000001
2019-02-26,300570,1700,41.636,70781.20000000001
2019-02-27,300570,1700,40.808,69373.6
2019-02-28,300570,1700,42.703,72595.1
2019-03-01,300570,1700,42.243,71813.1
